{
    "HasErrorMessage": false,
    "TooManyResults": false,
    "ErrorMessage": "",
    "Items": [
        {
            "DisplayText": "Level 1  275-295 Lonsdale Street, MELBOURNE  VIC  3000",
            "AddressIdentifier": "03OAUEHwjfBwAAAAAIAgEAAAAAsk1SEAAhAA4AAAAAAAAAAAD..2QAAAAA.....wAAAAAAAAAAAAAAAAA1LTcgYmVyZXNmb3JkIHJvYQA-"
        },
        {
            "DisplayText": "Level 2  275-295 Lonsdale Street, MELBOURNE  VIC  3000",
            "AddressIdentifier": "0HOAUEHwjfBwAAAAAIAgEAAAAAsk1VkBghAYoQECEAggAAAAAAAAAAAP..ZAAAAAD.....AAAAAAAAAAAAAAAAADUtNyBiZXJlc2ZvcmQgcm9hAA--"
        },
        {
            "DisplayText": "Lot 4  Sir Leslie Thiess Drive, TOWNSVILLE CITY  QLD  4810",
            "AddressIdentifier": "0.OAUEHwjfBwAAAAAIAgEAAAAAsk1YEBghAYoQECEAggAAAAAAAAAAAP..ZAAAAAD.....AAAAAAAAAAAAAAAAADUtNyBiZXJlc2ZvcmQgcm9hAA--"
        },
        {
            "DisplayText": "1 Penthouse Place, NORTH BATEMANS BAY  NSW  2536",
            "AddressIdentifier": "0xOAUEHwjfBwAAAAAIAgEAAAAAsk1akBghAYoQECEAggAAAAAAAAAAAP..ZAAAAAD.....AAAAAAAAAAAAAAAAADUtNyBiZXJlc2ZvcmQgcm9hAA--"
        },
        {
            "DisplayText": "Morvada, 165 Bahrs Road, COOKARDINIA  NSW  2650",
            "AddressIdentifier": "0DOAUEHwjfBwAAAAAIAgEAAAAAsk1dEBghAYoQECEAggAAAAAAAAAAAP..ZAAAAAD.....AAAAAAAAAAAAAAAAADUtNyBiZXJlc2ZvcmQgcm9hAA--"
        },
        {
            "DisplayText": "Shop 54  211 Lake Entrance Road, SHELLHARBOUR CITY CENTRE  NSW  2529",
            "AddressIdentifier": "02OAUEHwjfBwAAAAAIAgEAAAAAsk1fkBghAYoQECEAggAAAAAAAAAAAP..ZAAAAAD.....AAAAAAAAAAAAAAAAADUtNyBiZXJlc2ZvcmQgcm9hAA--"
        },
        {
            "DisplayText": "145a Humffray Street North, BALLARAT EAST  VIC  3350",
            "AddressIdentifier": "0OOAUEHwjfBwAAAAAIAgEAAAAAsk1iEBghAYoQECEAggAAAAAAAAAAAP..ZAAAAAD.....AAAAAAAAAAAAAAAAADUtNyBiZXJlc2ZvcmQgcm9hAA--"
        },
        {
            "DisplayText": "Suite 2, Level 6  67 Albert Avenue, CHATSWOOD  NSW  2067",
            "AddressIdentifier": "07OAUEHwjfBwAAAAAIAgEAAAAAsk1kkBghAYoQECEAggAAAAAAAAAAAP..ZAAAAAD.....AAAAAAAAAAAAAAAAADUtNyBiZXJlc2ZvcmQgcm9hAA--"
        },
        {
            "DisplayText": "Bigggest Town Townhouse 20124 Lot 165  Kinleymore School Road, KINLEYMORE  QLD  4613",
            "AddressIdentifier": "0JOAUEHwjfBwAAAAAIAgEAAAAAsk1nEBghAYoQECEAggAAAAAAAAAAAP..ZAAAAAD.....AAAAAAAAAAAAAAAAADUtNyBiZXJlc2ZvcmQgcm9hAA--"
        },
        {
            "DisplayText": "Palm Lake Resort, Unit 155  97-137 Hogg Street, CRANLEY  QLD  4350",
            "AddressIdentifier": "0gOAUEHwjfBwAAAAAIAgEAAAAAsk1pkBghAYoQECEAggAAAAAAAAAAAP..ZAAAAAD.....AAAAAAAAAAAAAAAAADUtNyBiZXJlc2ZvcmQgcm9hAA--"
        },
        {
            "DisplayText": "14 Ward Grove, PASCOE VALE SOUTH  VIC  3044",
            "AddressIdentifier": "0UOAUEHwjfBwAAAAAIAgEAAAAAsk1sEBghAYoQECEAggAAAAAAAAAAAP..ZAAAAAD.....AAAAAAAAAAAAAAAAADUtNyBiZXJlc2ZvcmQgcm9hAA--"
        }
    ]
}