{
  "code": 200,
  "status": "SUCCESS",
  "data": {
    "bestRate": null,
    "effectiveDate": "2016-04-06",
    "monIntRates": [
      {
        "minDepAmt": 50000,
        "maxDepAmt": 99999.99,
        "interestFrequency": "MON",
        "interestRates": [
          {
            "minTermMonths": 6,
            "minTermDays": 0,
            "maxTermMonths": 6,
            "maxTermDays": 31,
            "interestRateType": "CARD",
            "interestRate": 2.55
          },
          {
            "minTermMonths": 7,
            "minTermDays": 0,
            "maxTermMonths": 7,
            "maxTermDays": 31,
            "interestRateType": "CARD",
            "interestRate": 2.55
          },
          {
            "minTermMonths": 60,
            "minTermDays": 0,
            "maxTermMonths": 60,
            "maxTermDays": 0,
            "interestRateType": "CARD",
            "interestRate": 4.55
          },
          {
            "minTermMonths": 8,
            "minTermDays": 0,
            "maxTermMonths": 8,
            "maxTermDays": 31,
            "interestRateType": "CARD",
            "interestRate": 2.55
          },
          {
            "minTermMonths": 9,
            "minTermDays": 0,
            "maxTermMonths": 9,
            "maxTermDays": 31,
            "interestRateType": "CARD",
            "interestRate": 2.55
          },
          {
            "minTermMonths": 24,
            "minTermDays": 0,
            "maxTermMonths": 35,
            "maxTermDays": 31,
            "interestRateType": "CARD",
            "interestRate": 4.1
          },
          {
            "minTermMonths": 2,
            "minTermDays": 0,
            "maxTermMonths": 2,
            "maxTermDays": 31,
            "interestRateType": "CARD",
            "interestRate": 2.55
          },
          {
            "minTermMonths": 3,
            "minTermDays": 0,
            "maxTermMonths": 3,
            "maxTermDays": 31,
            "interestRateType": "CARD",
            "interestRate": 3.55
          },
          {
            "minTermMonths": 4,
            "minTermDays": 0,
            "maxTermMonths": 4,
            "maxTermDays": 31,
            "interestRateType": "CARD",
            "interestRate": 2.55
          },
          {
            "minTermMonths": 5,
            "minTermDays": 0,
            "maxTermMonths": 5,
            "maxTermDays": 31,
            "interestRateType": "CARD",
            "interestRate": 3.55
          },
          {
            "minTermMonths": 48,
            "minTermDays": 0,
            "maxTermMonths": 59,
            "maxTermDays": 31,
            "interestRateType": "CARD",
            "interestRate": 4.2
          },
          {
            "minTermMonths": 12,
            "minTermDays": 0,
            "maxTermMonths": 23,
            "maxTermDays": 31,
            "interestRateType": "CARD",
            "interestRate": 3.55
          },
          {
            "minTermMonths": 1,
            "minTermDays": 0,
            "maxTermMonths": 1,
            "maxTermDays": 31,
            "interestRateType": "CARD",
            "interestRate": 2.55
          },
          {
            "minTermMonths": 11,
            "minTermDays": 0,
            "maxTermMonths": 11,
            "maxTermDays": 31,
            "interestRateType": "CARD",
            "interestRate": 2.55
          },
          {
            "minTermMonths": 10,
            "minTermDays": 0,
            "maxTermMonths": 10,
            "maxTermDays": 31,
            "interestRateType": "CARD",
            "interestRate": 2.55
          },
          {
            "minTermMonths": 36,
            "minTermDays": 0,
            "maxTermMonths": 47,
            "maxTermDays": 31,
            "interestRateType": "CARD",
            "interestRate": 4.3
          }
        ]
      },
      {
        "minDepAmt": 5000,
        "maxDepAmt": 9999.99,
        "interestFrequency": "MON",
        "interestRates": [
          {
            "minTermMonths": 6,
            "minTermDays": 0,
            "maxTermMonths": 6,
            "maxTermDays": 31,
            "interestRateType": "CARD",
            "interestRate": 2.55
          },
          {
            "minTermMonths": 7,
            "minTermDays": 0,
            "maxTermMonths": 7,
            "maxTermDays": 31,
            "interestRateType": "CARD",
            "interestRate": 2.55
          },
          {
            "minTermMonths": 60,
            "minTermDays": 0,
            "maxTermMonths": 60,
            "maxTermDays": 0,
            "interestRateType": "CARD",
            "interestRate": 4.45
          },
          {
            "minTermMonths": 8,
            "minTermDays": 0,
            "maxTermMonths": 8,
            "maxTermDays": 31,
            "interestRateType": "CARD",
            "interestRate": 2.55
          },
          {
            "minTermMonths": 9,
            "minTermDays": 0,
            "maxTermMonths": 9,
            "maxTermDays": 31,
            "interestRateType": "CARD",
            "interestRate": 2.55
          },
          {
            "minTermMonths": 24,
            "minTermDays": 0,
            "maxTermMonths": 35,
            "maxTermDays": 31,
            "interestRateType": "CARD",
            "interestRate": 4
          },
          {
            "minTermMonths": 2,
            "minTermDays": 0,
            "maxTermMonths": 2,
            "maxTermDays": 31,
            "interestRateType": "CARD",
            "interestRate": 2.55
          },
          {
            "minTermMonths": 3,
            "minTermDays": 0,
            "maxTermMonths": 3,
            "maxTermDays": 31,
            "interestRateType": "CARD",
            "interestRate": 3.55
          },
          {
            "minTermMonths": 4,
            "minTermDays": 0,
            "maxTermMonths": 4,
            "maxTermDays": 31,
            "interestRateType": "CARD",
            "interestRate": 2.55
          },
          {
            "minTermMonths": 5,
            "minTermDays": 0,
            "maxTermMonths": 5,
            "maxTermDays": 31,
            "interestRateType": "CARD",
            "interestRate": 3.55
          },
          {
            "minTermMonths": 48,
            "minTermDays": 0,
            "maxTermMonths": 59,
            "maxTermDays": 31,
            "interestRateType": "CARD",
            "interestRate": 4.6
          },
          {
            "minTermMonths": 12,
            "minTermDays": 0,
            "maxTermMonths": 23,
            "maxTermDays": 31,
            "interestRateType": "CARD",
            "interestRate": 3.55
          },
          {
            "minTermMonths": 1,
            "minTermDays": 0,
            "maxTermMonths": 1,
            "maxTermDays": 31,
            "interestRateType": "CARD",
            "interestRate": 2.55
          },
          {
            "minTermMonths": 11,
            "minTermDays": 0,
            "maxTermMonths": 11,
            "maxTermDays": 31,
            "interestRateType": "CARD",
            "interestRate": 2.55
          },
          {
            "minTermMonths": 10,
            "minTermDays": 0,
            "maxTermMonths": 10,
            "maxTermDays": 31,
            "interestRateType": "CARD",
            "interestRate": 2.55
          },
          {
            "minTermMonths": 36,
            "minTermDays": 0,
            "maxTermMonths": 47,
            "maxTermDays": 31,
            "interestRateType": "CARD",
            "interestRate": 4.3
          }
        ]
      },
      {
        "minDepAmt": 250000,
        "maxDepAmt": 499999.99,
        "interestFrequency": "MON",
        "interestRates": [
          {
            "minTermMonths": 6,
            "minTermDays": 0,
            "maxTermMonths": 6,
            "maxTermDays": 31,
            "interestRateType": "HIGH",
            "interestRate": 2.55
          },
          {
            "minTermMonths": 7,
            "minTermDays": 0,
            "maxTermMonths": 7,
            "maxTermDays": 31,
            "interestRateType": "HIGH",
            "interestRate": 2.55
          },
          {
            "minTermMonths": 60,
            "minTermDays": 0,
            "maxTermMonths": 60,
            "maxTermDays": 0,
            "interestRateType": "HIGH",
            "interestRate": 4.8
          },
          {
            "minTermMonths": 8,
            "minTermDays": 0,
            "maxTermMonths": 8,
            "maxTermDays": 31,
            "interestRateType": "HIGH",
            "interestRate": 2.55
          },
          {
            "minTermMonths": 9,
            "minTermDays": 0,
            "maxTermMonths": 9,
            "maxTermDays": 31,
            "interestRateType": "HIGH",
            "interestRate": 2.55
          },
          {
            "minTermMonths": 24,
            "minTermDays": 0,
            "maxTermMonths": 35,
            "maxTermDays": 31,
            "interestRateType": "HIGH",
            "interestRate": 4
          },
          {
            "minTermMonths": 2,
            "minTermDays": 0,
            "maxTermMonths": 2,
            "maxTermDays": 31,
            "interestRateType": "HIGH",
            "interestRate": 2.55
          },
          {
            "minTermMonths": 3,
            "minTermDays": 0,
            "maxTermMonths": 3,
            "maxTermDays": 31,
            "interestRateType": "HIGH",
            "interestRate": 3.6
          },
          {
            "minTermMonths": 4,
            "minTermDays": 0,
            "maxTermMonths": 4,
            "maxTermDays": 31,
            "interestRateType": "HIGH",
            "interestRate": 2.55
          },
          {
            "minTermMonths": 5,
            "minTermDays": 0,
            "maxTermMonths": 5,
            "maxTermDays": 31,
            "interestRateType": "HIGH",
            "interestRate": 3.55
          },
          {
            "minTermMonths": 48,
            "minTermDays": 0,
            "maxTermMonths": 59,
            "maxTermDays": 31,
            "interestRateType": "HIGH",
            "interestRate": 4.2
          },
          {
            "minTermMonths": 12,
            "minTermDays": 0,
            "maxTermMonths": 23,
            "maxTermDays": 31,
            "interestRateType": "HIGH",
            "interestRate": 3.55
          },
          {
            "minTermMonths": 1,
            "minTermDays": 0,
            "maxTermMonths": 1,
            "maxTermDays": 31,
            "interestRateType": "HIGH",
            "interestRate": 2.55
          },
          {
            "minTermMonths": 11,
            "minTermDays": 0,
            "maxTermMonths": 11,
            "maxTermDays": 31,
            "interestRateType": "HIGH",
            "interestRate": 2.45
          },
          {
            "minTermMonths": 10,
            "minTermDays": 0,
            "maxTermMonths": 10,
            "maxTermDays": 31,
            "interestRateType": "HIGH",
            "interestRate": 2.55
          },
          {
            "minTermMonths": 36,
            "minTermDays": 0,
            "maxTermMonths": 47,
            "maxTermDays": 31,
            "interestRateType": "HIGH",
            "interestRate": 4.3
          }
        ]
      },
      {
        "minDepAmt": 1,
        "maxDepAmt": 4999.99,
        "interestFrequency": "MON",
        "interestRates": [
          {
            "minTermMonths": 3,
            "minTermDays": 0,
            "maxTermMonths": 59,
            "maxTermDays": 31,
            "interestRateType": "CARD",
            "interestRate": 0.5
          },
          {
            "minTermMonths": 60,
            "minTermDays": 0,
            "maxTermMonths": 60,
            "maxTermDays": 0,
            "interestRateType": "CARD",
            "interestRate": 0.5
          }
        ]
      },
      {
        "minDepAmt": 1000000,
        "maxDepAmt": 99999999999.99,
        "interestFrequency": "MON",
        "interestRates": [
          {
            "minTermMonths": 6,
            "minTermDays": 0,
            "maxTermMonths": 6,
            "maxTermDays": 31,
            "interestRateType": "HIGH",
            "interestRate": 2.55
          },
          {
            "minTermMonths": 7,
            "minTermDays": 0,
            "maxTermMonths": 7,
            "maxTermDays": 31,
            "interestRateType": "HIGH",
            "interestRate": 2.55
          },
          {
            "minTermMonths": 60,
            "minTermDays": 0,
            "maxTermMonths": 60,
            "maxTermDays": 0,
            "interestRateType": "HIGH",
            "interestRate": 4.45
          },
          {
            "minTermMonths": 8,
            "minTermDays": 0,
            "maxTermMonths": 8,
            "maxTermDays": 31,
            "interestRateType": "HIGH",
            "interestRate": 2.55
          },
          {
            "minTermMonths": 9,
            "minTermDays": 0,
            "maxTermMonths": 9,
            "maxTermDays": 31,
            "interestRateType": "HIGH",
            "interestRate": 2.55
          },
          {
            "minTermMonths": 24,
            "minTermDays": 0,
            "maxTermMonths": 35,
            "maxTermDays": 31,
            "interestRateType": "HIGH",
            "interestRate": 4
          },
          {
            "minTermMonths": 2,
            "minTermDays": 0,
            "maxTermMonths": 2,
            "maxTermDays": 31,
            "interestRateType": "HIGH",
            "interestRate": 2.55
          },
          {
            "minTermMonths": 3,
            "minTermDays": 0,
            "maxTermMonths": 3,
            "maxTermDays": 31,
            "interestRateType": "HIGH",
            "interestRate": 3.55
          },
          {
            "minTermMonths": 4,
            "minTermDays": 0,
            "maxTermMonths": 4,
            "maxTermDays": 31,
            "interestRateType": "HIGH",
            "interestRate": 2.55
          },
          {
            "minTermMonths": 5,
            "minTermDays": 0,
            "maxTermMonths": 5,
            "maxTermDays": 31,
            "interestRateType": "HIGH",
            "interestRate": 3.55
          },
          {
            "minTermMonths": 48,
            "minTermDays": 0,
            "maxTermMonths": 59,
            "maxTermDays": 31,
            "interestRateType": "HIGH",
            "interestRate": 4.26
          },
          {
            "minTermMonths": 12,
            "minTermDays": 0,
            "maxTermMonths": 23,
            "maxTermDays": 31,
            "interestRateType": "HIGH",
            "interestRate": 3.55
          },
          {
            "minTermMonths": 1,
            "minTermDays": 0,
            "maxTermMonths": 1,
            "maxTermDays": 31,
            "interestRateType": "HIGH",
            "interestRate": 2.55
          },
          {
            "minTermMonths": 11,
            "minTermDays": 0,
            "maxTermMonths": 11,
            "maxTermDays": 31,
            "interestRateType": "HIGH",
            "interestRate": 2.55
          },
          {
            "minTermMonths": 10,
            "minTermDays": 0,
            "maxTermMonths": 10,
            "maxTermDays": 31,
            "interestRateType": "HIGH",
            "interestRate": 2.45
          },
          {
            "minTermMonths": 36,
            "minTermDays": 0,
            "maxTermMonths": 47,
            "maxTermDays": 31,
            "interestRateType": "HIGH",
            "interestRate": 4.3
          }
        ]
      },
      {
        "minDepAmt": 20000,
        "maxDepAmt": 49999.99,
        "interestFrequency": "MON",
        "interestRates": [
          {
            "minTermMonths": 6,
            "minTermDays": 0,
            "maxTermMonths": 6,
            "maxTermDays": 31,
            "interestRateType": "CARD",
            "interestRate": 2.55
          },
          {
            "minTermMonths": 7,
            "minTermDays": 0,
            "maxTermMonths": 7,
            "maxTermDays": 31,
            "interestRateType": "CARD",
            "interestRate": 2.55
          },
          {
            "minTermMonths": 60,
            "minTermDays": 0,
            "maxTermMonths": 60,
            "maxTermDays": 0,
            "interestRateType": "CARD",
            "interestRate": 4.45
          },
          {
            "minTermMonths": 8,
            "minTermDays": 0,
            "maxTermMonths": 8,
            "maxTermDays": 31,
            "interestRateType": "CARD",
            "interestRate": 2.55
          },
          {
            "minTermMonths": 9,
            "minTermDays": 0,
            "maxTermMonths": 9,
            "maxTermDays": 31,
            "interestRateType": "CARD",
            "interestRate": 2.55
          },
          {
            "minTermMonths": 24,
            "minTermDays": 0,
            "maxTermMonths": 35,
            "maxTermDays": 31,
            "interestRateType": "CARD",
            "interestRate": 4
          },
          {
            "minTermMonths": 2,
            "minTermDays": 0,
            "maxTermMonths": 2,
            "maxTermDays": 31,
            "interestRateType": "CARD",
            "interestRate": 2.55
          },
          {
            "minTermMonths": 3,
            "minTermDays": 0,
            "maxTermMonths": 3,
            "maxTermDays": 31,
            "interestRateType": "CARD",
            "interestRate": 3.5
          },
          {
            "minTermMonths": 4,
            "minTermDays": 0,
            "maxTermMonths": 4,
            "maxTermDays": 31,
            "interestRateType": "CARD",
            "interestRate": 2.55
          },
          {
            "minTermMonths": 5,
            "minTermDays": 0,
            "maxTermMonths": 5,
            "maxTermDays": 31,
            "interestRateType": "CARD",
            "interestRate": 3.55
          },
          {
            "minTermMonths": 48,
            "minTermDays": 0,
            "maxTermMonths": 59,
            "maxTermDays": 31,
            "interestRateType": "CARD",
            "interestRate": 4.2
          },
          {
            "minTermMonths": 12,
            "minTermDays": 0,
            "maxTermMonths": 23,
            "maxTermDays": 31,
            "interestRateType": "CARD",
            "interestRate": 3.55
          },
          {
            "minTermMonths": 1,
            "minTermDays": 0,
            "maxTermMonths": 1,
            "maxTermDays": 31,
            "interestRateType": "CARD",
            "interestRate": 2.55
          },
          {
            "minTermMonths": 11,
            "minTermDays": 0,
            "maxTermMonths": 11,
            "maxTermDays": 31,
            "interestRateType": "CARD",
            "interestRate": 2.55
          },
          {
            "minTermMonths": 10,
            "minTermDays": 0,
            "maxTermMonths": 10,
            "maxTermDays": 31,
            "interestRateType": "CARD",
            "interestRate": 2.55
          },
          {
            "minTermMonths": 36,
            "minTermDays": 0,
            "maxTermMonths": 47,
            "maxTermDays": 31,
            "interestRateType": "CARD",
            "interestRate": 4.3
          }
        ]
      },
      {
        "minDepAmt": 500000,
        "maxDepAmt": 999999.99,
        "interestFrequency": "MON",
        "interestRates": [
          {
            "minTermMonths": 6,
            "minTermDays": 0,
            "maxTermMonths": 6,
            "maxTermDays": 31,
            "interestRateType": "HIGH",
            "interestRate": 2.55
          },
          {
            "minTermMonths": 7,
            "minTermDays": 0,
            "maxTermMonths": 7,
            "maxTermDays": 31,
            "interestRateType": "HIGH",
            "interestRate": 2.55
          },
          {
            "minTermMonths": 60,
            "minTermDays": 0,
            "maxTermMonths": 60,
            "maxTermDays": 0,
            "interestRateType": "HIGH",
            "interestRate": 4.55
          },
          {
            "minTermMonths": 8,
            "minTermDays": 0,
            "maxTermMonths": 8,
            "maxTermDays": 31,
            "interestRateType": "HIGH",
            "interestRate": 2.55
          },
          {
            "minTermMonths": 9,
            "minTermDays": 0,
            "maxTermMonths": 9,
            "maxTermDays": 31,
            "interestRateType": "HIGH",
            "interestRate": 2.6
          },
          {
            "minTermMonths": 24,
            "minTermDays": 0,
            "maxTermMonths": 35,
            "maxTermDays": 31,
            "interestRateType": "HIGH",
            "interestRate": 4
          },
          {
            "minTermMonths": 2,
            "minTermDays": 0,
            "maxTermMonths": 2,
            "maxTermDays": 31,
            "interestRateType": "HIGH",
            "interestRate": 2.55
          },
          {
            "minTermMonths": 3,
            "minTermDays": 0,
            "maxTermMonths": 3,
            "maxTermDays": 31,
            "interestRateType": "HIGH",
            "interestRate": 3.55
          },
          {
            "minTermMonths": 4,
            "minTermDays": 0,
            "maxTermMonths": 4,
            "maxTermDays": 31,
            "interestRateType": "HIGH",
            "interestRate": 2.55
          },
          {
            "minTermMonths": 5,
            "minTermDays": 0,
            "maxTermMonths": 5,
            "maxTermDays": 31,
            "interestRateType": "HIGH",
            "interestRate": 3.55
          },
          {
            "minTermMonths": 48,
            "minTermDays": 0,
            "maxTermMonths": 59,
            "maxTermDays": 31,
            "interestRateType": "HIGH",
            "interestRate": 4.2
          },
          {
            "minTermMonths": 12,
            "minTermDays": 0,
            "maxTermMonths": 23,
            "maxTermDays": 31,
            "interestRateType": "HIGH",
            "interestRate": 3.55
          },
          {
            "minTermMonths": 1,
            "minTermDays": 0,
            "maxTermMonths": 1,
            "maxTermDays": 31,
            "interestRateType": "HIGH",
            "interestRate": 2.55
          },
          {
            "minTermMonths": 11,
            "minTermDays": 0,
            "maxTermMonths": 11,
            "maxTermDays": 31,
            "interestRateType": "HIGH",
            "interestRate": 2.55
          },
          {
            "minTermMonths": 10,
            "minTermDays": 0,
            "maxTermMonths": 10,
            "maxTermDays": 31,
            "interestRateType": "HIGH",
            "interestRate": 2.55
          },
          {
            "minTermMonths": 36,
            "minTermDays": 0,
            "maxTermMonths": 47,
            "maxTermDays": 31,
            "interestRateType": "HIGH",
            "interestRate": 4.3
          }
        ]
      },
      {
        "minDepAmt": 10000,
        "maxDepAmt": 19999.99,
        "interestFrequency": "MON",
        "interestRates": [
          {
            "minTermMonths": 6,
            "minTermDays": 0,
            "maxTermMonths": 6,
            "maxTermDays": 31,
            "interestRateType": "CARD",
            "interestRate": 2.55
          },
          {
            "minTermMonths": 7,
            "minTermDays": 0,
            "maxTermMonths": 7,
            "maxTermDays": 31,
            "interestRateType": "CARD",
            "interestRate": 2.55
          },
          {
            "minTermMonths": 60,
            "minTermDays": 0,
            "maxTermMonths": 60,
            "maxTermDays": 0,
            "interestRateType": "CARD",
            "interestRate": 4.45
          },
          {
            "minTermMonths": 8,
            "minTermDays": 0,
            "maxTermMonths": 8,
            "maxTermDays": 31,
            "interestRateType": "CARD",
            "interestRate": 2.55
          },
          {
            "minTermMonths": 9,
            "minTermDays": 0,
            "maxTermMonths": 9,
            "maxTermDays": 31,
            "interestRateType": "CARD",
            "interestRate": 2.55
          },
          {
            "minTermMonths": 24,
            "minTermDays": 0,
            "maxTermMonths": 35,
            "maxTermDays": 31,
            "interestRateType": "CARD",
            "interestRate": 4
          },
          {
            "minTermMonths": 2,
            "minTermDays": 0,
            "maxTermMonths": 2,
            "maxTermDays": 31,
            "interestRateType": "CARD",
            "interestRate": 2.55
          },
          {
            "minTermMonths": 3,
            "minTermDays": 0,
            "maxTermMonths": 3,
            "maxTermDays": 31,
            "interestRateType": "CARD",
            "interestRate": 3.55
          },
          {
            "minTermMonths": 4,
            "minTermDays": 0,
            "maxTermMonths": 4,
            "maxTermDays": 31,
            "interestRateType": "CARD",
            "interestRate": 2.55
          },
          {
            "minTermMonths": 5,
            "minTermDays": 0,
            "maxTermMonths": 5,
            "maxTermDays": 31,
            "interestRateType": "CARD",
            "interestRate": 3.55
          },
          {
            "minTermMonths": 48,
            "minTermDays": 0,
            "maxTermMonths": 59,
            "maxTermDays": 31,
            "interestRateType": "CARD",
            "interestRate": 4.2
          },
          {
            "minTermMonths": 12,
            "minTermDays": 0,
            "maxTermMonths": 23,
            "maxTermDays": 31,
            "interestRateType": "CARD",
            "interestRate": 3.55
          },
          {
            "minTermMonths": 1,
            "minTermDays": 0,
            "maxTermMonths": 1,
            "maxTermDays": 31,
            "interestRateType": "CARD",
            "interestRate": 2.55
          },
          {
            "minTermMonths": 11,
            "minTermDays": 0,
            "maxTermMonths": 11,
            "maxTermDays": 31,
            "interestRateType": "CARD",
            "interestRate": 2.55
          },
          {
            "minTermMonths": 10,
            "minTermDays": 0,
            "maxTermMonths": 10,
            "maxTermDays": 31,
            "interestRateType": "CARD",
            "interestRate": 2.55
          },
          {
            "minTermMonths": 36,
            "minTermDays": 0,
            "maxTermMonths": 47,
            "maxTermDays": 31,
            "interestRateType": "CARD",
            "interestRate": 4.3
          }
        ]
      },
      {
        "minDepAmt": 100000,
        "maxDepAmt": 249999.99,
        "interestFrequency": "MON",
        "interestRates": [
          {
            "minTermMonths": 6,
            "minTermDays": 0,
            "maxTermMonths": 6,
            "maxTermDays": 31,
            "interestRateType": "CARD",
            "interestRate": 2.55
          },
          {
            "minTermMonths": 7,
            "minTermDays": 0,
            "maxTermMonths": 7,
            "maxTermDays": 31,
            "interestRateType": "CARD",
            "interestRate": 2.55
          },
          {
            "minTermMonths": 60,
            "minTermDays": 0,
            "maxTermMonths": 60,
            "maxTermDays": 0,
            "interestRateType": "CARD",
            "interestRate": 4.45
          },
          {
            "minTermMonths": 8,
            "minTermDays": 0,
            "maxTermMonths": 8,
            "maxTermDays": 31,
            "interestRateType": "CARD",
            "interestRate": 2.55
          },
          {
            "minTermMonths": 9,
            "minTermDays": 0,
            "maxTermMonths": 9,
            "maxTermDays": 31,
            "interestRateType": "CARD",
            "interestRate": 2.55
          },
          {
            "minTermMonths": 24,
            "minTermDays": 0,
            "maxTermMonths": 35,
            "maxTermDays": 31,
            "interestRateType": "CARD",
            "interestRate": 4.05
          },
          {
            "minTermMonths": 2,
            "minTermDays": 0,
            "maxTermMonths": 2,
            "maxTermDays": 31,
            "interestRateType": "CARD",
            "interestRate": 2.55
          },
          {
            "minTermMonths": 3,
            "minTermDays": 0,
            "maxTermMonths": 3,
            "maxTermDays": 31,
            "interestRateType": "CARD",
            "interestRate": 3.55
          },
          {
            "minTermMonths": 4,
            "minTermDays": 0,
            "maxTermMonths": 4,
            "maxTermDays": 31,
            "interestRateType": "CARD",
            "interestRate": 2.55
          },
          {
            "minTermMonths": 5,
            "minTermDays": 0,
            "maxTermMonths": 5,
            "maxTermDays": 31,
            "interestRateType": "CARD",
            "interestRate": 3.55
          },
          {
            "minTermMonths": 48,
            "minTermDays": 0,
            "maxTermMonths": 59,
            "maxTermDays": 31,
            "interestRateType": "CARD",
            "interestRate": 4.2
          },
          {
            "minTermMonths": 12,
            "minTermDays": 0,
            "maxTermMonths": 23,
            "maxTermDays": 31,
            "interestRateType": "CARD",
            "interestRate": 3.55
          },
          {
            "minTermMonths": 1,
            "minTermDays": 0,
            "maxTermMonths": 1,
            "maxTermDays": 31,
            "interestRateType": "CARD",
            "interestRate": 2.55
          },
          {
            "minTermMonths": 11,
            "minTermDays": 0,
            "maxTermMonths": 11,
            "maxTermDays": 31,
            "interestRateType": "CARD",
            "interestRate": 2.55
          },
          {
            "minTermMonths": 10,
            "minTermDays": 0,
            "maxTermMonths": 10,
            "maxTermDays": 31,
            "interestRateType": "CARD",
            "interestRate": 2.55
          },
          {
            "minTermMonths": 36,
            "minTermDays": 0,
            "maxTermMonths": 47,
            "maxTermDays": 31,
            "interestRateType": "CARD",
            "interestRate": 4.3
          }
        ]
      }
    ],
    "yrlIntRates": [
      {
        "minDepAmt": 10000,
        "maxDepAmt": 19999.99,
        "interestFrequency": "YRL",
        "interestRates": [
          {
            "minTermMonths": 6,
            "minTermDays": 0,
            "maxTermMonths": 6,
            "maxTermDays": 31,
            "interestRateType": "CARD",
            "interestRate": 2.75
          },
          {
            "minTermMonths": 7,
            "minTermDays": 0,
            "maxTermMonths": 7,
            "maxTermDays": 31,
            "interestRateType": "CARD",
            "interestRate": 2.75
          },
          {
            "minTermMonths": 60,
            "minTermDays": 0,
            "maxTermMonths": 60,
            "maxTermDays": 0,
            "interestRateType": "CARD",
            "interestRate": 4.65
          },
          {
            "minTermMonths": 8,
            "minTermDays": 0,
            "maxTermMonths": 8,
            "maxTermDays": 31,
            "interestRateType": "CARD",
            "interestRate": 2.75
          },
          {
            "minTermMonths": 9,
            "minTermDays": 0,
            "maxTermMonths": 9,
            "maxTermDays": 31,
            "interestRateType": "CARD",
            "interestRate": 3
          },
          {
            "minTermMonths": 24,
            "minTermDays": 0,
            "maxTermMonths": 35,
            "maxTermDays": 31,
            "interestRateType": "CARD",
            "interestRate": 4.2
          },
          {
            "minTermMonths": 2,
            "minTermDays": 0,
            "maxTermMonths": 2,
            "maxTermDays": 31,
            "interestRateType": "CARD",
            "interestRate": 2.75
          },
          {
            "minTermMonths": 3,
            "minTermDays": 0,
            "maxTermMonths": 3,
            "maxTermDays": 31,
            "interestRateType": "CARD",
            "interestRate": 3.75
          },
          {
            "minTermMonths": 4,
            "minTermDays": 0,
            "maxTermMonths": 4,
            "maxTermDays": 31,
            "interestRateType": "CARD",
            "interestRate": 2.75
          },
          {
            "minTermMonths": 5,
            "minTermDays": 0,
            "maxTermMonths": 5,
            "maxTermDays": 31,
            "interestRateType": "CARD",
            "interestRate": 3.75
          },
          {
            "minTermMonths": 48,
            "minTermDays": 0,
            "maxTermMonths": 59,
            "maxTermDays": 31,
            "interestRateType": "CARD",
            "interestRate": 4.4
          },
          {
            "minTermMonths": 12,
            "minTermDays": 0,
            "maxTermMonths": 23,
            "maxTermDays": 31,
            "interestRateType": "CARD",
            "interestRate": 3.75
          },
          {
            "minTermMonths": 1,
            "minTermDays": 0,
            "maxTermMonths": 1,
            "maxTermDays": 31,
            "interestRateType": "CARD",
            "interestRate": 2.75
          },
          {
            "minTermMonths": 11,
            "minTermDays": 0,
            "maxTermMonths": 11,
            "maxTermDays": 31,
            "interestRateType": "CARD",
            "interestRate": 2.75
          },
          {
            "minTermMonths": 10,
            "minTermDays": 0,
            "maxTermMonths": 10,
            "maxTermDays": 31,
            "interestRateType": "CARD",
            "interestRate": 2.75
          },
          {
            "minTermMonths": 36,
            "minTermDays": 0,
            "maxTermMonths": 47,
            "maxTermDays": 31,
            "interestRateType": "CARD",
            "interestRate": 4.5
          }
        ]
      },
      {
        "minDepAmt": 1000000,
        "maxDepAmt": 99999999999.99,
        "interestFrequency": "YRL",
        "interestRates": [
          {
            "minTermMonths": 6,
            "minTermDays": 0,
            "maxTermMonths": 6,
            "maxTermDays": 31,
            "interestRateType": "HIGH",
            "interestRate": 2.73
          },
          {
            "minTermMonths": 7,
            "minTermDays": 0,
            "maxTermMonths": 7,
            "maxTermDays": 31,
            "interestRateType": "HIGH",
            "interestRate": 2.75
          },
          {
            "minTermMonths": 60,
            "minTermDays": 0,
            "maxTermMonths": 60,
            "maxTermDays": 0,
            "interestRateType": "HIGH",
            "interestRate": 4.6
          },
          {
            "minTermMonths": 8,
            "minTermDays": 0,
            "maxTermMonths": 8,
            "maxTermDays": 31,
            "interestRateType": "HIGH",
            "interestRate": 2.75
          },
          {
            "minTermMonths": 9,
            "minTermDays": 0,
            "maxTermMonths": 9,
            "maxTermDays": 31,
            "interestRateType": "HIGH",
            "interestRate": 2.75
          },
          {
            "minTermMonths": 24,
            "minTermDays": 0,
            "maxTermMonths": 35,
            "maxTermDays": 31,
            "interestRateType": "HIGH",
            "interestRate": 4.2
          },
          {
            "minTermMonths": 2,
            "minTermDays": 0,
            "maxTermMonths": 2,
            "maxTermDays": 31,
            "interestRateType": "HIGH",
            "interestRate": 2.75
          },
          {
            "minTermMonths": 3,
            "minTermDays": 0,
            "maxTermMonths": 3,
            "maxTermDays": 31,
            "interestRateType": "HIGH",
            "interestRate": 3.75
          },
          {
            "minTermMonths": 4,
            "minTermDays": 0,
            "maxTermMonths": 4,
            "maxTermDays": 31,
            "interestRateType": "HIGH",
            "interestRate": 2.75
          },
          {
            "minTermMonths": 5,
            "minTermDays": 0,
            "maxTermMonths": 5,
            "maxTermDays": 31,
            "interestRateType": "HIGH",
            "interestRate": 3.75
          },
          {
            "minTermMonths": 48,
            "minTermDays": 0,
            "maxTermMonths": 59,
            "maxTermDays": 31,
            "interestRateType": "HIGH",
            "interestRate": 4.4
          },
          {
            "minTermMonths": 12,
            "minTermDays": 0,
            "maxTermMonths": 23,
            "maxTermDays": 31,
            "interestRateType": "HIGH",
            "interestRate": 3.75
          },
          {
            "minTermMonths": 1,
            "minTermDays": 0,
            "maxTermMonths": 1,
            "maxTermDays": 31,
            "interestRateType": "HIGH",
            "interestRate": 2.75
          },
          {
            "minTermMonths": 11,
            "minTermDays": 0,
            "maxTermMonths": 11,
            "maxTermDays": 31,
            "interestRateType": "HIGH",
            "interestRate": 2.75
          },
          {
            "minTermMonths": 10,
            "minTermDays": 0,
            "maxTermMonths": 10,
            "maxTermDays": 31,
            "interestRateType": "HIGH",
            "interestRate": 2.75
          },
          {
            "minTermMonths": 36,
            "minTermDays": 0,
            "maxTermMonths": 47,
            "maxTermDays": 31,
            "interestRateType": "HIGH",
            "interestRate": 4.5
          }
        ]
      },
      {
        "minDepAmt": 5000,
        "maxDepAmt": 9999.99,
        "interestFrequency": "YRL",
        "interestRates": [
          {
            "minTermMonths": 6,
            "minTermDays": 0,
            "maxTermMonths": 6,
            "maxTermDays": 31,
            "interestRateType": "CARD",
            "interestRate": 2.75
          },
          {
            "minTermMonths": 7,
            "minTermDays": 0,
            "maxTermMonths": 7,
            "maxTermDays": 31,
            "interestRateType": "CARD",
            "interestRate": 2.75
          },
          {
            "minTermMonths": 60,
            "minTermDays": 0,
            "maxTermMonths": 60,
            "maxTermDays": 0,
            "interestRateType": "CARD",
            "interestRate": 4.65
          },
          {
            "minTermMonths": 8,
            "minTermDays": 0,
            "maxTermMonths": 8,
            "maxTermDays": 31,
            "interestRateType": "CARD",
            "interestRate": 2.75
          },
          {
            "minTermMonths": 9,
            "minTermDays": 0,
            "maxTermMonths": 9,
            "maxTermDays": 31,
            "interestRateType": "CARD",
            "interestRate": 2.75
          },
          {
            "minTermMonths": 24,
            "minTermDays": 0,
            "maxTermMonths": 35,
            "maxTermDays": 31,
            "interestRateType": "CARD",
            "interestRate": 4.2
          },
          {
            "minTermMonths": 2,
            "minTermDays": 0,
            "maxTermMonths": 2,
            "maxTermDays": 31,
            "interestRateType": "CARD",
            "interestRate": 2.75
          },
          {
            "minTermMonths": 3,
            "minTermDays": 0,
            "maxTermMonths": 3,
            "maxTermDays": 31,
            "interestRateType": "CARD",
            "interestRate": 3.75
          },
          {
            "minTermMonths": 4,
            "minTermDays": 0,
            "maxTermMonths": 4,
            "maxTermDays": 31,
            "interestRateType": "CARD",
            "interestRate": 2.75
          },
          {
            "minTermMonths": 5,
            "minTermDays": 0,
            "maxTermMonths": 5,
            "maxTermDays": 31,
            "interestRateType": "CARD",
            "interestRate": 3.75
          },
          {
            "minTermMonths": 48,
            "minTermDays": 0,
            "maxTermMonths": 59,
            "maxTermDays": 31,
            "interestRateType": "CARD",
            "interestRate": 4.4
          },
          {
            "minTermMonths": 12,
            "minTermDays": 0,
            "maxTermMonths": 23,
            "maxTermDays": 31,
            "interestRateType": "CARD",
            "interestRate": 3.75
          },
          {
            "minTermMonths": 1,
            "minTermDays": 0,
            "maxTermMonths": 1,
            "maxTermDays": 31,
            "interestRateType": "CARD",
            "interestRate": 2.75
          },
          {
            "minTermMonths": 11,
            "minTermDays": 0,
            "maxTermMonths": 11,
            "maxTermDays": 31,
            "interestRateType": "CARD",
            "interestRate": 2.75
          },
          {
            "minTermMonths": 10,
            "minTermDays": 0,
            "maxTermMonths": 10,
            "maxTermDays": 31,
            "interestRateType": "CARD",
            "interestRate": 2.75
          },
          {
            "minTermMonths": 36,
            "minTermDays": 0,
            "maxTermMonths": 47,
            "maxTermDays": 31,
            "interestRateType": "CARD",
            "interestRate": 4.5
          }
        ]
      },
      {
        "minDepAmt": 1,
        "maxDepAmt": 4999.99,
        "interestFrequency": "YRL",
        "interestRates": [
          {
            "minTermMonths": 3,
            "minTermDays": 0,
            "maxTermMonths": 59,
            "maxTermDays": 31,
            "interestRateType": "CARD",
            "interestRate": 0.5
          },
          {
            "minTermMonths": 3,
            "minTermDays": 0,
            "maxTermMonths": 11,
            "maxTermDays": 31,
            "interestRateType": "CARD",
            "interestRate": 0.5
          },
          {
            "minTermMonths": 60,
            "minTermDays": 0,
            "maxTermMonths": 60,
            "maxTermDays": 0,
            "interestRateType": "CARD",
            "interestRate": 0.5
          }
        ]
      },
      {
        "minDepAmt": 100000,
        "maxDepAmt": 249999.99,
        "interestFrequency": "YRL",
        "interestRates": [
          {
            "minTermMonths": 6,
            "minTermDays": 0,
            "maxTermMonths": 6,
            "maxTermDays": 31,
            "interestRateType": "CARD",
            "interestRate": 2.75
          },
          {
            "minTermMonths": 7,
            "minTermDays": 0,
            "maxTermMonths": 7,
            "maxTermDays": 31,
            "interestRateType": "CARD",
            "interestRate": 2.75
          },
          {
            "minTermMonths": 60,
            "minTermDays": 0,
            "maxTermMonths": 60,
            "maxTermDays": 0,
            "interestRateType": "CARD",
            "interestRate": 4.65
          },
          {
            "minTermMonths": 8,
            "minTermDays": 0,
            "maxTermMonths": 8,
            "maxTermDays": 31,
            "interestRateType": "CARD",
            "interestRate": 2.75
          },
          {
            "minTermMonths": 9,
            "minTermDays": 0,
            "maxTermMonths": 9,
            "maxTermDays": 31,
            "interestRateType": "CARD",
            "interestRate": 2.75
          },
          {
            "minTermMonths": 24,
            "minTermDays": 0,
            "maxTermMonths": 35,
            "maxTermDays": 31,
            "interestRateType": "CARD",
            "interestRate": 4.25
          },
          {
            "minTermMonths": 2,
            "minTermDays": 0,
            "maxTermMonths": 2,
            "maxTermDays": 31,
            "interestRateType": "CARD",
            "interestRate": 2.75
          },
          {
            "minTermMonths": 3,
            "minTermDays": 0,
            "maxTermMonths": 3,
            "maxTermDays": 31,
            "interestRateType": "CARD",
            "interestRate": 3.75
          },
          {
            "minTermMonths": 4,
            "minTermDays": 0,
            "maxTermMonths": 4,
            "maxTermDays": 31,
            "interestRateType": "CARD",
            "interestRate": 2.75
          },
          {
            "minTermMonths": 5,
            "minTermDays": 0,
            "maxTermMonths": 5,
            "maxTermDays": 31,
            "interestRateType": "CARD",
            "interestRate": 3.75
          },
          {
            "minTermMonths": 48,
            "minTermDays": 0,
            "maxTermMonths": 59,
            "maxTermDays": 31,
            "interestRateType": "CARD",
            "interestRate": 4.4
          },
          {
            "minTermMonths": 12,
            "minTermDays": 0,
            "maxTermMonths": 23,
            "maxTermDays": 31,
            "interestRateType": "CARD",
            "interestRate": 3.75
          },
          {
            "minTermMonths": 1,
            "minTermDays": 0,
            "maxTermMonths": 1,
            "maxTermDays": 31,
            "interestRateType": "CARD",
            "interestRate": 2.75
          },
          {
            "minTermMonths": 11,
            "minTermDays": 0,
            "maxTermMonths": 11,
            "maxTermDays": 31,
            "interestRateType": "CARD",
            "interestRate": 2.75
          },
          {
            "minTermMonths": 10,
            "minTermDays": 0,
            "maxTermMonths": 10,
            "maxTermDays": 31,
            "interestRateType": "CARD",
            "interestRate": 2.75
          },
          {
            "minTermMonths": 36,
            "minTermDays": 0,
            "maxTermMonths": 47,
            "maxTermDays": 31,
            "interestRateType": "CARD",
            "interestRate": 4.5
          }
        ]
      },
      {
        "minDepAmt": 20000,
        "maxDepAmt": 49999.99,
        "interestFrequency": "YRL",
        "interestRates": [
          {
            "minTermMonths": 6,
            "minTermDays": 0,
            "maxTermMonths": 6,
            "maxTermDays": 31,
            "interestRateType": "CARD",
            "interestRate": 2.75
          },
          {
            "minTermMonths": 7,
            "minTermDays": 0,
            "maxTermMonths": 7,
            "maxTermDays": 31,
            "interestRateType": "CARD",
            "interestRate": 2.75
          },
          {
            "minTermMonths": 60,
            "minTermDays": 0,
            "maxTermMonths": 60,
            "maxTermDays": 0,
            "interestRateType": "CARD",
            "interestRate": 4.65
          },
          {
            "minTermMonths": 8,
            "minTermDays": 0,
            "maxTermMonths": 8,
            "maxTermDays": 31,
            "interestRateType": "CARD",
            "interestRate": 2.8
          },
          {
            "minTermMonths": 9,
            "minTermDays": 0,
            "maxTermMonths": 9,
            "maxTermDays": 31,
            "interestRateType": "CARD",
            "interestRate": 2.75
          },
          {
            "minTermMonths": 24,
            "minTermDays": 0,
            "maxTermMonths": 35,
            "maxTermDays": 31,
            "interestRateType": "CARD",
            "interestRate": 4.2
          },
          {
            "minTermMonths": 2,
            "minTermDays": 0,
            "maxTermMonths": 2,
            "maxTermDays": 31,
            "interestRateType": "CARD",
            "interestRate": 2.75
          },
          {
            "minTermMonths": 3,
            "minTermDays": 0,
            "maxTermMonths": 3,
            "maxTermDays": 31,
            "interestRateType": "CARD",
            "interestRate": 3.75
          },
          {
            "minTermMonths": 4,
            "minTermDays": 0,
            "maxTermMonths": 4,
            "maxTermDays": 31,
            "interestRateType": "CARD",
            "interestRate": 2.75
          },
          {
            "minTermMonths": 5,
            "minTermDays": 0,
            "maxTermMonths": 5,
            "maxTermDays": 31,
            "interestRateType": "CARD",
            "interestRate": 3.75
          },
          {
            "minTermMonths": 48,
            "minTermDays": 0,
            "maxTermMonths": 59,
            "maxTermDays": 31,
            "interestRateType": "CARD",
            "interestRate": 4.4
          },
          {
            "minTermMonths": 12,
            "minTermDays": 0,
            "maxTermMonths": 23,
            "maxTermDays": 31,
            "interestRateType": "CARD",
            "interestRate": 3.75
          },
          {
            "minTermMonths": 1,
            "minTermDays": 0,
            "maxTermMonths": 1,
            "maxTermDays": 31,
            "interestRateType": "CARD",
            "interestRate": 2.75
          },
          {
            "minTermMonths": 11,
            "minTermDays": 0,
            "maxTermMonths": 11,
            "maxTermDays": 31,
            "interestRateType": "CARD",
            "interestRate": 2.75
          },
          {
            "minTermMonths": 10,
            "minTermDays": 0,
            "maxTermMonths": 10,
            "maxTermDays": 31,
            "interestRateType": "CARD",
            "interestRate": 2.75
          },
          {
            "minTermMonths": 36,
            "minTermDays": 0,
            "maxTermMonths": 47,
            "maxTermDays": 31,
            "interestRateType": "CARD",
            "interestRate": 4.5
          }
        ]
      },
      {
        "minDepAmt": 50000,
        "maxDepAmt": 99999.99,
        "interestFrequency": "YRL",
        "interestRates": [
          {
            "minTermMonths": 6,
            "minTermDays": 0,
            "maxTermMonths": 6,
            "maxTermDays": 31,
            "interestRateType": "CARD",
            "interestRate": 2.75
          },
          {
            "minTermMonths": 7,
            "minTermDays": 0,
            "maxTermMonths": 7,
            "maxTermDays": 31,
            "interestRateType": "CARD",
            "interestRate": 2.75
          },
          {
            "minTermMonths": 60,
            "minTermDays": 0,
            "maxTermMonths": 60,
            "maxTermDays": 0,
            "interestRateType": "CARD",
            "interestRate": 4.65
          },
          {
            "minTermMonths": 8,
            "minTermDays": 0,
            "maxTermMonths": 8,
            "maxTermDays": 31,
            "interestRateType": "CARD",
            "interestRate": 2.75
          },
          {
            "minTermMonths": 9,
            "minTermDays": 0,
            "maxTermMonths": 9,
            "maxTermDays": 31,
            "interestRateType": "CARD",
            "interestRate": 2.75
          },
          {
            "minTermMonths": 24,
            "minTermDays": 0,
            "maxTermMonths": 35,
            "maxTermDays": 31,
            "interestRateType": "CARD",
            "interestRate": 4.35
          },
          {
            "minTermMonths": 2,
            "minTermDays": 0,
            "maxTermMonths": 2,
            "maxTermDays": 31,
            "interestRateType": "CARD",
            "interestRate": 2.75
          },
          {
            "minTermMonths": 3,
            "minTermDays": 0,
            "maxTermMonths": 3,
            "maxTermDays": 31,
            "interestRateType": "CARD",
            "interestRate": 3.75
          },
          {
            "minTermMonths": 4,
            "minTermDays": 0,
            "maxTermMonths": 4,
            "maxTermDays": 31,
            "interestRateType": "CARD",
            "interestRate": 2.75
          },
          {
            "minTermMonths": 5,
            "minTermDays": 0,
            "maxTermMonths": 5,
            "maxTermDays": 31,
            "interestRateType": "CARD",
            "interestRate": 3.75
          },
          {
            "minTermMonths": 48,
            "minTermDays": 0,
            "maxTermMonths": 59,
            "maxTermDays": 31,
            "interestRateType": "CARD",
            "interestRate": 4.4
          },
          {
            "minTermMonths": 12,
            "minTermDays": 0,
            "maxTermMonths": 23,
            "maxTermDays": 31,
            "interestRateType": "CARD",
            "interestRate": 3.75
          },
          {
            "minTermMonths": 1,
            "minTermDays": 0,
            "maxTermMonths": 1,
            "maxTermDays": 31,
            "interestRateType": "CARD",
            "interestRate": 2.75
          },
          {
            "minTermMonths": 11,
            "minTermDays": 0,
            "maxTermMonths": 11,
            "maxTermDays": 31,
            "interestRateType": "CARD",
            "interestRate": 2.75
          },
          {
            "minTermMonths": 10,
            "minTermDays": 0,
            "maxTermMonths": 10,
            "maxTermDays": 31,
            "interestRateType": "CARD",
            "interestRate": 2.75
          },
          {
            "minTermMonths": 36,
            "minTermDays": 0,
            "maxTermMonths": 47,
            "maxTermDays": 31,
            "interestRateType": "CARD",
            "interestRate": 4.5
          }
        ]
      },
      {
        "minDepAmt": 250000,
        "maxDepAmt": 499999.99,
        "interestFrequency": "YRL",
        "interestRates": [
          {
            "minTermMonths": 6,
            "minTermDays": 0,
            "maxTermMonths": 6,
            "maxTermDays": 31,
            "interestRateType": "HIGH",
            "interestRate": 2.75
          },
          {
            "minTermMonths": 7,
            "minTermDays": 0,
            "maxTermMonths": 7,
            "maxTermDays": 31,
            "interestRateType": "HIGH",
            "interestRate": 2.75
          },
          {
            "minTermMonths": 60,
            "minTermDays": 0,
            "maxTermMonths": 60,
            "maxTermDays": 0,
            "interestRateType": "HIGH",
            "interestRate": 4.7
          },
          {
            "minTermMonths": 8,
            "minTermDays": 0,
            "maxTermMonths": 8,
            "maxTermDays": 31,
            "interestRateType": "HIGH",
            "interestRate": 2.75
          },
          {
            "minTermMonths": 9,
            "minTermDays": 0,
            "maxTermMonths": 9,
            "maxTermDays": 31,
            "interestRateType": "HIGH",
            "interestRate": 2.75
          },
          {
            "minTermMonths": 24,
            "minTermDays": 0,
            "maxTermMonths": 35,
            "maxTermDays": 31,
            "interestRateType": "HIGH",
            "interestRate": 4.2
          },
          {
            "minTermMonths": 2,
            "minTermDays": 0,
            "maxTermMonths": 2,
            "maxTermDays": 31,
            "interestRateType": "HIGH",
            "interestRate": 2.75
          },
          {
            "minTermMonths": 3,
            "minTermDays": 0,
            "maxTermMonths": 3,
            "maxTermDays": 31,
            "interestRateType": "HIGH",
            "interestRate": 3.75
          },
          {
            "minTermMonths": 4,
            "minTermDays": 0,
            "maxTermMonths": 4,
            "maxTermDays": 31,
            "interestRateType": "HIGH",
            "interestRate": 2.75
          },
          {
            "minTermMonths": 5,
            "minTermDays": 0,
            "maxTermMonths": 5,
            "maxTermDays": 31,
            "interestRateType": "HIGH",
            "interestRate": 3.75
          },
          {
            "minTermMonths": 48,
            "minTermDays": 0,
            "maxTermMonths": 59,
            "maxTermDays": 31,
            "interestRateType": "HIGH",
            "interestRate": 4.4
          },
          {
            "minTermMonths": 12,
            "minTermDays": 0,
            "maxTermMonths": 23,
            "maxTermDays": 31,
            "interestRateType": "HIGH",
            "interestRate": 3.75
          },
          {
            "minTermMonths": 1,
            "minTermDays": 0,
            "maxTermMonths": 1,
            "maxTermDays": 31,
            "interestRateType": "HIGH",
            "interestRate": 2.75
          },
          {
            "minTermMonths": 11,
            "minTermDays": 0,
            "maxTermMonths": 11,
            "maxTermDays": 31,
            "interestRateType": "HIGH",
            "interestRate": 2.75
          },
          {
            "minTermMonths": 10,
            "minTermDays": 0,
            "maxTermMonths": 10,
            "maxTermDays": 31,
            "interestRateType": "HIGH",
            "interestRate": 2.75
          },
          {
            "minTermMonths": 36,
            "minTermDays": 0,
            "maxTermMonths": 47,
            "maxTermDays": 31,
            "interestRateType": "HIGH",
            "interestRate": 4.5
          }
        ]
      },
      {
        "minDepAmt": 500000,
        "maxDepAmt": 999999.99,
        "interestFrequency": "YRL",
        "interestRates": [
          {
            "minTermMonths": 6,
            "minTermDays": 0,
            "maxTermMonths": 6,
            "maxTermDays": 31,
            "interestRateType": "HIGH",
            "interestRate": 2.75
          },
          {
            "minTermMonths": 7,
            "minTermDays": 0,
            "maxTermMonths": 7,
            "maxTermDays": 31,
            "interestRateType": "HIGH",
            "interestRate": 2.75
          },
          {
            "minTermMonths": 60,
            "minTermDays": 0,
            "maxTermMonths": 60,
            "maxTermDays": 0,
            "interestRateType": "HIGH",
            "interestRate": 4.65
          },
          {
            "minTermMonths": 8,
            "minTermDays": 0,
            "maxTermMonths": 8,
            "maxTermDays": 31,
            "interestRateType": "HIGH",
            "interestRate": 2.75
          },
          {
            "minTermMonths": 9,
            "minTermDays": 0,
            "maxTermMonths": 9,
            "maxTermDays": 31,
            "interestRateType": "HIGH",
            "interestRate": 2.75
          },
          {
            "minTermMonths": 24,
            "minTermDays": 0,
            "maxTermMonths": 35,
            "maxTermDays": 31,
            "interestRateType": "HIGH",
            "interestRate": 4.25
          },
          {
            "minTermMonths": 2,
            "minTermDays": 0,
            "maxTermMonths": 2,
            "maxTermDays": 31,
            "interestRateType": "HIGH",
            "interestRate": 2.75
          },
          {
            "minTermMonths": 3,
            "minTermDays": 0,
            "maxTermMonths": 3,
            "maxTermDays": 31,
            "interestRateType": "HIGH",
            "interestRate": 3.75
          },
          {
            "minTermMonths": 4,
            "minTermDays": 0,
            "maxTermMonths": 4,
            "maxTermDays": 31,
            "interestRateType": "HIGH",
            "interestRate": 2.75
          },
          {
            "minTermMonths": 5,
            "minTermDays": 0,
            "maxTermMonths": 5,
            "maxTermDays": 31,
            "interestRateType": "HIGH",
            "interestRate": 3.75
          },
          {
            "minTermMonths": 48,
            "minTermDays": 0,
            "maxTermMonths": 59,
            "maxTermDays": 31,
            "interestRateType": "HIGH",
            "interestRate": 4.4
          },
          {
            "minTermMonths": 12,
            "minTermDays": 0,
            "maxTermMonths": 23,
            "maxTermDays": 31,
            "interestRateType": "HIGH",
            "interestRate": 3.75
          },
          {
            "minTermMonths": 1,
            "minTermDays": 0,
            "maxTermMonths": 1,
            "maxTermDays": 31,
            "interestRateType": "HIGH",
            "interestRate": 2.75
          },
          {
            "minTermMonths": 11,
            "minTermDays": 0,
            "maxTermMonths": 11,
            "maxTermDays": 31,
            "interestRateType": "HIGH",
            "interestRate": 2.75
          },
          {
            "minTermMonths": 10,
            "minTermDays": 0,
            "maxTermMonths": 10,
            "maxTermDays": 31,
            "interestRateType": "HIGH",
            "interestRate": 2.89
          },
          {
            "minTermMonths": 36,
            "minTermDays": 0,
            "maxTermMonths": 47,
            "maxTermDays": 31,
            "interestRateType": "HIGH",
            "interestRate": 4.5
          }
        ]
      }
    ]
  }
}
