{
  "termDepositUI": {
	"orgId": "c3bpydof",
	"threatMetrixUrl": "https://h.online-metrix.net/fp/tags.js?org_id=UNIQUE_ORG_ID&session_id=UNIQUE_SESSION_ID&pageid=PAGEID",
    "westpacHomePage": "https://www.westpac.com.au",
    "securityInformation": "https://www.westpac.com.au/security/?exitapp=yes",
    "westpacBranches": "http://www.westpac.com.au/locateus/",
    "qasTypeAheadURL": "https://uat.banking.westpac.com.au/olfmu/qas/api/address/query",
    "qasKey": "RR-010", 
    "getStartedTD": "https://www.westpac.com.au/personal-banking/bank-accounts/savings-accounts/term-deposit",
    "westpacCustomerLogin": "https://banking.westpac.com.au/secure/forms/salesenabler/savingstoolsandcalculators",
    "copyRight": "2016 Westpac Banking Corporation ABN 33 007 457 141 AFSL and Australian credit licence 233714",
    "minDepositAmount": "5000",
    "maxDepositAmount": "25000000",
    "minDepositMonths": "1",
    "maxDepositMonths": "60",
    "billerCode": "57034",
    "canonicalProductCode": "5439d74cb5b949b398616f2f06b96d9a"
  },
  "sofDetails": {
    "SF005001": "Additional Sources",
    "SF001003": "Bonus",
    "SF001004": "Business income/earnings",
    "SF001005": "Business profits",
    "SF001002": "Commission",
    "SF003002": "Compensation payment",
    "SF004005": "Gift/Donation",
    "SF003003": "Government benefits",
    "SF004004": "Inheritance",
    "SF003001": "Insurance payment",
    "SF001006": "Investment income/earnings",
    "SF004002": "Liquidation of assets",
    "SF002001": "Loan",
    "SF004003": "Redundancy",
    "SF001007": "Rental income",
    "SF001001": "Salary/Wages",
    "SF004001": "Sale of assets",
    "SF006001": "Signatory",
    "SF001008": "Superannuation/pension",
    "SF004007": "Tax Refund",
    "SF004006": "Windfall"
  },
  "sowDetails": {
    "SW004003": "Additional Sources",
    "SW001003": "Business income/earnings",
    "SW001004": "Business profits",
    "SW002002": "Compensation payment",
    "SW001001": "Employment income/earnings",
    "SW003005": "Gift/Donation",
    "SW002003": "Government Benefits",
    "SW003004": "Inheritance",
    "SW002001": "Insurance payment",
    "SW001005": "Investment income/earnings",
    "SW003003": "Liquidation of assets",
    "SW004001": "None",
    "SW003001": "Owns real estate/property",
    "SW001002": "Redundancy",
    "SW004002": "Refused to answer",
    "SW001006": "Rental income",
    "SW003002": "Sale of assets",
    "SW005001": "Signatory",
    "SW001007": "Superannuation/pension",
    "SW003006": "Windfall"

  },
  "occType": {
    "OCC 044": "Accountant/Auditor/Bursar/Liquidator/Tax Agent",
    "OCC 043": "Accounting Clerk/Branch Accountant Financial Insti",
    "OCC 033": "Actors & Variety Artists: Actor/Clown/Juggler/Magi",
    "OCC 315": "AGC and wholly owned Subsidiaries",
    "OCC 058": "Air : Transport Support/Traffic Control/Flight Eng",
    "OCC 125": "Aircraft Maintenance Engineer",
    "OCC 057": "Aircraft Pilot",
    "OCC 004": "Ambassador/High Commissioner/Politician/Mayor",
    "OCC 185": "Ambulance Officer/Paramedic",
    "OCC 039": "Announcers & Commentators : Compere/Disc Jockey",
    "OCC 061": "Architect/Landscape Architect",
    "OCC 027": "Archivist/Interpreter/Translator/Registrar",
    "OCC 037": "Artists : Painter/Cartoonist/Sculptor/Etcher/Laser",
    "OCC 295": "Assembler - Vehicle/Electronics/Furniture/Jeweller",
    "OCC 093": "Audiologist/Dietitian/Orthoptist/Prothetist/Nutrit",
    "OCC 040": "Author/Novelist/Playwright/Poet/Screenwriter/Edito",
    "OCC 118": "Automotive Electricians",
    "OCC 151": "Baker/Pastrycook/Biscuitmaker",
    "OCC 193": "Bar Attendants : Barman/Barmaid/Bar Steward",
    "OCC 104": "Barrister/Solicitor/Articled Clerk/Legal Officer C",
    "OCC 320": "BL & E Capital, Internation Business  Analysis P/L",
    "OCC 124": "Blacksmith/Springmaker/Toolsmith/Farrier",
    "OCC 257": "Blasting Worker : Shot Firer/Powder Monkey",
    "OCC 168": "Boot/Shoe Maker : Shoe Repairer/Clicker/Laster",
    "OCC 133": "Bricklayer",
    "OCC 281": "Builder'S Labourer/Demolition Worker/Crane Chaser",
    "OCC 112": "Building/Architectural/Surveying : Technician/Esti",
    "OCC 228": "Business Machine Operator/Comptometrist/Ledger Kee",
    "OCC 152": "Butcher: Smallgoods Maker/Slaughterman",
    "OCC 172": "Cabinetmaker : Custom Furniture Maker/Coffin Maker",
    "OCC 308": "Caretaker/Janitor",
    "OCC 134": "Carpenter/Joiner",
    "OCC 062": "Cartographer/Surveyor",
    "OCC 238": "Cashier/Checkout Operator/Service Station Cashier",
    "OCC 063": "Chemical Engineer",
    "OCC 018": "Child Care Centre Director/Co-Ordinator",
    "OCC 189": "Child Care Worker/Hostel Parent/Refuge Worker",
    "OCC 092": "Chiropractor/Osteopath",
    "OCC 065": "Civil Engineer",
    "OCC 114": "Civil Engineering Technician/Associate/Draughtsper",
    "OCC 280": "Cleaner : Industrial/Domestic/Window/Carpet/Vehicl",
    "OCC 209": "Clerk",
    "OCC 215": "Clerk/Record Taker : Bookmaker'S/Classified Adv/Su",
    "OCC 225": "Clerk: Charity Collection/Debt Collection",
    "OCC 024": "Commissioned Officer : Police/Fire Brigade",
    "OCC 025": "Commissioned Officer Of Defence Forces",
    "OCC 046": "Commodities Broker",
    "OCC 150": "Communications Equipment Tradeperson/Line Servicer",
    "OCC 205": "Company Executive/Director/Secretary",
    "OCC 166": "Compositor/Typesetter",
    "OCC 210": "Computer Operator/Data Entry Operator",
    "OCC 102": "Computing Professional:Programmer/Systems Analyst",
    "OCC 284": "Concrete Workers/Labourers",
    "OCC 055": "Consultant",
    "OCC 054": "Consultant : Industrial Relations/Organisation/Met",
    "OCC 153": "Cook/Chef",
    "OCC 105": "Counsellor : Drug/Alcohol/Marriage/Family Court/Ca",
    "OCC 034": "Dancers & Choreographers : Ballet/Tap Dancer",
    "OCC 226": "Debt & Collections Clerk/Production Recording Cler",
    "OCC 191": "Dental Nurse/Dental Assistant",
    "OCC 094": "Dental Practitioner : Dentist/Oral Surgeon/Orthodo",
    "OCC 182": "Designers & Illustrators : Fashion/Graphic/Interio",
    "OCC 099": "Doctor : General Medical Practitioner Ie:Gp",
    "OCC 113": "Draughtsperson",
    "OCC 170": "Dressmaker/Tailor/Furrier/Milliner/Apparel Cutter",
    "OCC 272": "Driver - Automobile : Taxi/Hire Car/Chauffeur",
    "OCC 275": "Driver - Bus/Tram",
    "OCC 273": "Driver - Crane/Taxi/Tram/Train:Plant Operator",
    "OCC 276": "Driver - Truck/Van/Semi-Trailer/Tanker/Road Train",
    "OCC 267": "Driver Operator - Logging Machinery",
    "OCC 274": "Driver/Engineer - Train/Locomotive",
    "OCC 256": "Driver/Operator - Crane",
    "OCC 266": "Driver/Operator - Farm/Nursery/Forestry/Road Machi",
    "OCC 268": "Driver/Operator -Earthmover/Excavator/Dredger/Grad",
    "OCC 270": "Driver/Operator Forklift Truck/Straddle Carrier",
    "OCC 283": "Earthmoving Labourers/Gravedigger",
    "OCC 052": "Economist : Agricultural/Trade/Labour/Transport",
    "OCC 021": "Education Manager : School Principal/Dean/Faculty",
    "OCC 087": "Education Researcher/School Inspector/Curriculum A",
    "OCC 067": "Electrical & Electronics Engineers",
    "OCC 143": "Electrical Fitter/Electrical Appliance Servicer",
    "OCC 146": "Electrical Linesman/Cable Joiner",
    "OCC 144": "Electrical Mechanic/Electrician",
    "OCC 117": "Electrical/Electronic Engineering Technician/Assoc",
    "OCC 142": "Electrician",
    "OCC 070": "Engineer",
    "OCC 071": "Engineer : Product Design/Industrial/Safety",
    "OCC 186": "Enrolled Nurse/Nurses Aide : Mothercraft/Motherhoo",
    "OCC 297": "Factory Hands/Labourers/Assistants",
    "OCC 298": "Factory Worker (Unclassified)",
    "OCC 301": "Farm Hands And Assistants",
    "OCC 007": "Farm Manager",
    "OCC 006": "Farm Owner/Manager (Unclassified)",
    "OCC 008": "Farmer",
    "OCC 005": "Farmer/Farm Manager",
    "OCC 041": "Film Television & Stage Director : Stage Manager/A",
    "OCC 031": "Finance Industry Branch Manager : Bank/Bldg Soc E",
    "OCC 197": "Fire Fighter/Fire Prevention Officer",
    "OCC 310": "Fitter : Vehicle Accessories",
    "OCC 135": "Floor Coverers : Carpet Layers/Floor Finisher",
    "OCC 299": "Forestry Labourer",
    "OCC 304": "Freight & Furniture Handlers/Waterside Worker",
    "OCC 171": "Furniturer Upholsterer/Bedding & Mattress Maker",
    "OCC 311": "Garbage Collector/Garbologist",
    "OCC 158": "Gardener/Landscape Gardener/Tree Surgeon",
    "OCC 020": "General Manager/Managing Director/Hospital Control",
    "OCC 108": "Geographer/Historian/Social Scientist/Linguist",
    "OCC 038": "Glass : Etcher/Cutter/Blower/Glazier",
    "OCC 137": "Glass : Etcher/Cutter/Blower/Glazier",
    "OCC 010": "Grazier",
    "OCC 160": "Greenkeeper/Groundsman-Woman",
    "OCC 200": "Guards & Security Officers/Protecive Services Offi",
    "OCC 162": "Hairdresser/Barber",
    "OCC 293": "Hand Packers - Meat/Fruit & Vegetable/Grocery/Shir",
    "OCC 187": "Home Companions/Aides/Helper : Family Support Work",
    "OCC 324": "Home Duties",
    "OCC 285": "Home Improvement Installers/Vehicle Accessory Fitt",
    "OCC 154": "Horse Breaker/Animal Trainer",
    "OCC 192": "Hospital Aide : Orderly/Porter/Wardsman/Food Servi",
    "OCC 278": "Housekeeper",
    "OCC 242": "Industrial Spray Painters",
    "OCC 116": "Inspectors : Building/Health/Customs/Safety/Train",
    "OCC 128": "Instrument Maker/Locksmith/Gun Smith/Jeweller/Engr",
    "OCC 045": "Insurance Broker/Agent/Underwriter",
    "OCC 213": "Insurance/Stockbroking Clerk : Health Insurance/Sc",
    "OCC 047": "Investment Advisor/Dealer : Property/Shares/Financ",
    "OCC 180": "Jeweller/Gold-Silver Smith/Diamond Cutter/Lapidiar",
    "OCC 042": "Journalist/Reporter/Copy-Writer/Columnist/Critic",
    "OCC 103": "Judge/Coroner/Magistrate/Industrial Tribunal Membe",
    "OCC 303": "Kitchenhands/Dishwasher/Pantrymaid",
    "OCC 289": "Labourer : Mining & Mineral Ore Treatment",
    "OCC 286": "Labourer : Paving & Surfacing/Road Maintenance",
    "OCC 287": "Labourer : Railway/Tramway",
    "OCC 279": "Laundry Workers : Clothing Presser/Laundromat Atte",
    "OCC 169": "Leather/Canvas/Sail/Saddle Maker (Except Boots/Sho",
    "OCC 224": "Legal Clerk/Clerk Of Court/Court Usher/Bailiff/She",
    "OCC 053": "Librarian : Bibliographer/Cataloguer",
    "OCC 229": "Library & Filing Clerk : Library Attendant",
    "OCC 195": "Luggage Porter/Hotel Page",
    "OCC 254": "Machine Operator - Chemicals/Pharmaceuticals/Toile",
    "OCC 253": "Machine Operator - Cigarette Making/Dry Cleaning/S",
    "OCC 240": "Machine Operator - Concrete Pipe/Clay/Brick Making",
    "OCC 251": "Machine Operator - Fabric Production/Weaving/Knitt",
    "OCC 291": "Machine Operator - Food And Beverage Processing",
    "OCC 263": "Machine Operator - Forging/Key Cutter/Springmaking",
    "OCC 241": "Machine Operator - Glass Production",
    "OCC 249": "Machine Operator - Hide & Skin Processing",
    "OCC 261": "Machine Operator - Metal Moulding/Casting/Wire Dra",
    "OCC 262": "Machine Operator - Metal Press Operator",
    "OCC 294": "Machine Operator - Packaging/Can-Sack-Bag Filling",
    "OCC 244": "Machine Operator - Paper/Paper Products/Cartons",
    "OCC 245": "Machine Operator - Photographic/Dark Room/Microfic",
    "OCC 246": "Machine Operator - Plastic/Moulding/Sheet Pressing",
    "OCC 247": "Machine Operator - Rubber Production/Tyre Builder",
    "OCC 250": "Machine Operator - Shoemaking",
    "OCC 248": "Machine Operator - Textile Sewing/Buttonholing/Sti",
    "OCC 243": "Machine Operator - Wood/Veneer/Plywood Cutting/Sha",
    "OCC 252": "Machine Operator - Yarn Production Carding/Spinnin",
    "OCC 173": "Machinist/Lathe Operator",
    "OCC 219": "Mail Sorter",
    "OCC 003": "Manager - Large Business",
    "OCC 232": "Manager : Real Estate/Post Office/Railway Station/",
    "OCC 030": "Manager : Shop/Small Business/Department",
    "OCC 016": "Manager : Wholesale/Building & Construction",
    "OCC 029": "Manager/Supervisor : Hotel/Motel/Accomodation",
    "OCC 028": "Manager/Supervisor : Restaurant/Catering",
    "OCC 002": "Manager/Supervisor/Specialist",
    "OCC 059": "Marine : Engineer/Surveyor",
    "OCC 009": "Market Gardener",
    "OCC 051": "Mathematician/Statistician/Actuary",
    "OCC 147": "Mechanic : Lift/Vending Machine/Poker Machine",
    "OCC 115": "Mechanical Engineering Technician/Draughtsperson",
    "OCC 068": "Mechanical Engineers",
    "OCC 110": "Medical Laboratory Technician & Technical Officers",
    "OCC 216": "Messenger & Delivery Officer : Postal Worker/Copy",
    "OCC 121": "Metal Casting/Patternmaker/Moulder/Coremaker",
    "OCC 122": "Metal Finishing/Metal Electroplater/Metal Polisher",
    "OCC 126": "Metal Fitter/Machinist/Die Setter/Plant Mechanic",
    "OCC 064": "Metallurgist And Materials Scientist",
    "OCC 292": "Miller/Buttermaker/Cheesemaker/Confectioner",
    "OCC 069": "Mining Engineers",
    "OCC 106": "Minister/Member Of Relig Order : Chaplain/Rabbi/P",
    "OCC 271": "Mobile Plant Operator : Road Linemarker/Sweeper",
    "OCC 119": "Motor Mechanic : Cars/Motorcycles/Small Engines",
    "OCC 035": "Musician/Composer/Band Leader/Opera Singer/Vocalis",
    "OCC 300": "Nursery And Garden Labourers",
    "OCC 161": "Nurseryman-Woman",
    "OCC 095": "Occupational Therapist",
    "OCC 318": "Office Account",
    "OCC 149": "Office Equipment & Computer Servicers",
    "OCC 208": "Office Secretary/Stenographer",
    "OCC 230": "Office Worker (Unclassified)",
    "OCC 090": "Optometrist",
    "OCC 159": "Orchardist",
    "OCC 136": "Painter(Buildings)/Decorator : Paperhanger/Signwri",
    "OCC 129": "Panel Beater",
    "OCC 317": "Partnership Pacific",
    "OCC 326": "Pensioner",
    "OCC 183": "Performing Arts Support : Sound Technician/Cameram",
    "OCC 227": "Personnel Clerk : Employment Office Clerk",
    "OCC 050": "Personnel Specialists: Training/Staff Development",
    "OCC 091": "Pharmacist : Hospital/Industrial/Retail",
    "OCC 217": "Photocopying/Duplicating Clerk",
    "OCC 036": "Photographer(Stills)",
    "OCC 096": "Physiotherapist",
    "OCC 181": "Piano Tuner/Potter/Leadlighter/Musical Instrument",
    "OCC 265": "Plant Operator - Bulk Material Handling/Conveyor B",
    "OCC 178": "Plant Operator - Chemical Distilling/Fermentation",
    "OCC 177": "Plant Operator - Drilling/Power Generation",
    "OCC 264": "Plant Operator - Engine/Boilers/Regrigeration",
    "OCC 260": "Plant Operator - Furnace/Kiln",
    "OCC 259": "Plant Operator - General/Ore-Mineral Treating/Rail",
    "OCC 255": "Plant Operator - Hoist/Winch/Lift",
    "OCC 269": "Plant Operator - Paving/Surfacing Machinery",
    "OCC 179": "Plant Operator - Petroleum & Gas Refining/Pumping",
    "OCC 258": "Plant Operator : Drilling",
    "OCC 138": "Plasterer : Cement Plasterer/Plater Fixer/Plasterb",
    "OCC 141": "Plumber/Gasfitter/Drainer",
    "OCC 097": "Podiatrist/Chiropodist",
    "OCC 198": "Policeman/Policewoman : Station Sergeant/Detective",
    "OCC 218": "Postal Clerks & Officers",
    "OCC 081": "Pre-Primary School Teacher",
    "OCC 082": "Primary School Teacher",
    "OCC 163": "Print Binder/Finisher/Bookbinder",
    "OCC 167": "Printing Machinists",
    "OCC 165": "Printing Plate Makers : Letterpress/Lithograph",
    "OCC 199": "Prison Officer",
    "OCC 088": "Private Teacher/Instructor : Dance/Drama/Driving/M",
    "OCC 221": "Procurement Officer : Supply Officer/Retail Buyer",
    "OCC 032": "Professional (Unclassified)",
    "OCC 204": "Professional Sportsperson : Player/Coach/Jockey/Um",
    "OCC 107": "Psychologist : Clinical/Occupational/Educational",
    "OCC 056": "Public Relations/Press Officers",
    "OCC 296": "Quality Controllers/Product Grader-Examiner-Tester",
    "OCC 066": "Quantity Surveyor",
    "OCC 148": "Radio & Tv Servicers",
    "OCC 089": "Radiographer",
    "OCC 233": "Real Estate Salespersons/Property Managers",
    "OCC 211": "Receptionist/Information/Complaints Clerk : Ward C",
    "OCC 145": "Refrigeration & Air Conditioning Mechanic",
    "OCC 101": "Registered Nurse",
    "OCC 325": "Retired",
    "OCC 314": "Retired Employees",
    "OCC 139": "Roof Slater/Roof Tiler",
    "OCC 309": "Sailors (Not Ran)/Fisherman-Woman/Deckhands",
    "OCC 234": "Sales Assistants",
    "OCC 231": "Sales Representative/Company Representative",
    "OCC 111": "Science Laboratory Technician & Technical Officers",
    "OCC 077": "Scientist",
    "OCC 076": "Scientist: Anatomist/Physiologist/Biochemist/Botan",
    "OCC 073": "Scientist: Chemist/Assayer/Food Technologist",
    "OCC 074": "Scientist: Enviromental/Soil/Meteorologist",
    "OCC 075": "Scientist: Geologist/Geochemist/Oceanographer",
    "OCC 078": "Scientist: Medical Testing Chemist/Epidemiologist",
    "OCC 080": "Scientist: Physicist/Astronomer/Cosmologist",
    "OCC 164": "Screen Printers",
    "OCC 083": "Secondary School Teacher",
    "OCC 307": "Semi-Skilled Worker (Unclassified)",
    "OCC 157": "Semi-Skilled Worker : Foreman/Florist/Diver/Mason",
    "OCC 014": "Senior Public Servant",
    "OCC 236": "Service Counter Clerk/Demonstrator/Rental Clerk",
    "OCC 196": "Serviceman - Defence Forces",
    "OCC 201": "Services : Croupier/Funeral/Massage/Beauty/Guide",
    "OCC 155": "Sheep Shearer",
    "OCC 120": "Sheetmetal Worker/Coppersmith/Metal Spinner",
    "OCC 060": "Ships Officers : Captain/Ferrymaster/Ships Mate",
    "OCC 176": "Shipwright : Boat Builder/Boat Repairer",
    "OCC 302": "Shooter/Trapper/Coral-Kelp-Seagrass Gatherer",
    "OCC 305": "Skilled Worker (Unclassified)",
    "OCC 184": "Skilled Worker : Analyst/Supervisor/Classer/Grader",
    "OCC 109": "Social Worker : Community/Social Planner/Youth",
    "OCC 084": "Special Education Teachers : Resource/Disabled",
    "OCC 100": "Specialist Doctor : Surgeon/Radiologist/Psychiatri",
    "OCC 015": "Specialist Manager: Ambulance/Engineering/Library/",
    "OCC 023": "Specialist Manager: Data Processing",
    "OCC 012": "Specialist Manager: Finance/Chief Accountant/Coys",
    "OCC 019": "Specialist Manager: Nursing Director/Matron/Contro",
    "OCC 013": "Specialist Manager: Personnel/Industrial Relations",
    "OCC 026": "Specialist Manager: Production/Tv Producer/Film St",
    "OCC 011": "Specialist Manager: Sales/Marketing/Advertising",
    "OCC 017": "Specialist Manager: Supply/Distribution/Transport",
    "OCC 098": "Speech Pathologist",
    "OCC 214": "Statistical/Acturial Clerk",
    "OCC 222": "Stock & Purchasing Clerk : Mail Order/Supplies/Sto",
    "OCC 277": "Storeperson/Chiller Hand/Shelf Stacker/Warehouse A",
    "OCC 237": "Street Vendor/Canvasser/Sales Driver : Milkman",
    "OCC 288": "Structural Steel Workers : Scaffolder/Rigger/Fixer",
    "OCC 123": "Structural Steel Workers/Boilermakers/Welders",
    "OCC 321": "Student",
    "OCC 322": "Student  Over 21",
    "OCC 319": "Sundry Temporary Account",
    "OCC 235": "Supervisor",
    "OCC 290": "Survey Hand/Field Assistant",
    "OCC 086": "Teacher/Instructor",
    "OCC 190": "Teachers Aide",
    "OCC 022": "Technical And Further Education Teachers (Tafe)",
    "OCC 072": "Technician : Metallurgical/Other",
    "OCC 220": "Telephonist",
    "OCC 212": "Tellers",
    "OCC 239": "Ticket Seller/Booking Clerk/Tab Clerk/Conductor",
    "OCC 127": "Toolmaker",
    "OCC 282": "Trades Assistants - To Bricklayer/Plumber/Mechanic",
    "OCC 223": "Transport Recording & Despatching Clerks/Customs A",
    "OCC 202": "Travel Agent/Travel Consultant/Tourist Officer/Adv",
    "OCC 203": "Travel Stewards : Air/Marine/Railway",
    "OCC 207": "Typist/Typist-Clerk",
    "OCC 323": "Unemployed",
    "OCC 085": "University/Cae : Lecturer/Teacher/Tutor",
    "OCC 001": "Unknown",
    "OCC 306": "Unskilled Worker (Unclassified)",
    "OCC 312": "Usher & Door Attendants/Program Seller/Ticket Coll",
    "OCC 131": "Vehicle Body Makers",
    "OCC 132": "Vehicle Painters",
    "OCC 130": "Vehicle Trimmer :Incl Vehicle Upholsterer",
    "OCC 079": "Veterinarian",
    "OCC 156": "Veterinary Nurse/Handyperson/Attendant/Meterman  /",
    "OCC 194": "Waiters/Waitresses : Drink Waiter",
    "OCC 140": "Wall Tiler/Floor Tiler",
    "OCC 188": "Welfare Worker/Parole Officer/Youth Worker",
    "OCC 313": "Westpac Banking Corp (and Spouse)",
    "OCC 316": "Westpac Insurance, Mase-Westpac, Westpac Life, WFSG",
    "OCC 175": "Wood Machinist/Lathe Operator : Wood Turner/Jig Ma",
    "OCC 174": "Woodworker : Wood Carver/Picture Framer/Cooper",
    "OCC 206": "Word Processing Operators"
  }
}
