{
  "code": 200,
  "status": "SUCCESS",
  "data": {
    "UCM.WBC_IND_AMLCL": [
      {
        "code": "SF001001",
        "value": "Salary/Wages",
        "order": 1
      },
      {
        "code": "SF001002",
        "value": "Commission",
        "order": 2
      },
      {
        "code": "SF001003",
        "value": "Bonus",
        "order": 3
      },
      {
        "code": "SF001004",
        "value": "Business income/earnings",
        "order": 4
      },
      {
        "code": "SF001005",
        "value": "Business profits",
        "order": 5
      },
      {
        "code": "SF001006",
        "value": "Investment income/earnings",
        "order": 6
      },
      {
        "code": "SF001007",
        "value": "Rental income",
        "order": 7
      },
      {
        "code": "SF001008",
        "value": "Superannuation/pension",
        "order": 8
      },
      {
        "code": "SF002001",
        "value": "Loan",
        "order": 9
      },
      {
        "code": "SF003001",
        "value": "Insurance payment",
        "order": 10
      },
      {
        "code": "SF003002",
        "value": "Compensation payment",
        "order": 11
      },
      {
        "code": "SF003003",
        "value": "Government benefits",
        "order": 12
      },
      {
        "code": "SF004001",
        "value": "Sale of assets",
        "order": 13
      },
      {
        "code": "SF004002",
        "value": "Liquidation of assets",
        "order": 14
      },
      {
        "code": "SF004003",
        "value": "Redundancy",
        "order": 15
      },
      {
        "code": "SF004004",
        "value": "Inheritance",
        "order": 16
      },
      {
        "code": "SF004005",
        "value": "Gift/Donation",
        "order": 17
      },
      {
        "code": "SF004006",
        "value": "Windfall",
        "order": 18
      },
      {
        "code": "SF004007",
        "value": "Tax Refund",
        "order": 19
      },
      {
        "code": "SF005001",
        "value": "Additional Sources",
        "order": 20
      },
      {
        "code": "SF006001",
        "value": "Signatory",
        "order": 21
      }
    ],
    "IM.OccCodeCISASO.UCM": [
      {
        "code": "OCC 044",
        "value": "Accountant/Auditor/Bursar/Liquidator/Tax Agent",
        "providerDescription": "Accountant/Auditor/Bursar/Liquidator/Tax Agent",
        "providerCode": "OCC 044"
      },
      {
        "code": "OCC 043",
        "value": "Accounting Clerk/Branch Accountant Financial Insti",
        "providerDescription": "Accounting Clerk/Branch Accountant Financial Insti",
        "providerCode": "OCC 043"
      },
      {
        "code": "OCC 033",
        "value": "Actors & Variety Artists: Actor/Clown/Juggler/Magi",
        "providerDescription": "Actors & Variety Artists: Actor/Clown/Juggler/Magi",
        "providerCode": "OCC 033"
      },
      {
        "code": "OCC 058",
        "value": "Air : Transport Support/Traffic Control/Flight Eng",
        "providerDescription": "Air : Transport Support/Traffic Control/Flight Eng",
        "providerCode": "OCC 058"
      },
      {
        "code": "OCC 125",
        "value": "Aircraft Maintenance Engineer",
        "providerDescription": "Aircraft Maintenance Engineer",
        "providerCode": "OCC 125"
      },
      {
        "code": "OCC 057",
        "value": "Aircraft Pilot",
        "providerDescription": "Aircraft Pilot",
        "providerCode": "OCC 057"
      },
      {
        "code": "OCC 004",
        "value": "Ambassador/High Commissioner/Politician/Mayor",
        "providerDescription": "Ambassador/High Commissioner/Politician/Mayor",
        "providerCode": "OCC 004"
      },
      {
        "code": "OCC 185",
        "value": "Ambulance Officer/Paramedic",
        "providerDescription": "Ambulance Officer/Paramedic",
        "providerCode": "OCC 185"
      },
      {
        "code": "OCC 039",
        "value": "Announcers & Commentators : Compere/Disc Jockey",
        "providerDescription": "Announcers & Commentators : Compere/Disc Jockey",
        "providerCode": "OCC 039"
      },
      {
        "code": "OCC 061",
        "value": "Architect/Landscape Architect",
        "providerDescription": "Architect/Landscape Architect",
        "providerCode": "OCC 061"
      },
      {
        "code": "OCC 027",
        "value": "Archivist/Interpreter/Translator/Registrar",
        "providerDescription": "Archivist/Interpreter/Translator/Registrar",
        "providerCode": "OCC 027"
      },
      {
        "code": "OCC 037",
        "value": "Artists : Painter/Cartoonist/Sculptor/Etcher/Laser",
        "providerDescription": "Artists : Painter/Cartoonist/Sculptor/Etcher/Laser",
        "providerCode": "OCC 037"
      },
      {
        "code": "OCC 295",
        "value": "Assembler - Vehicle/Electronics/Furniture/Jeweller",
        "providerDescription": "Assembler - Vehicle/Electronics/Furniture/Jeweller",
        "providerCode": "OCC 295"
      },
      {
        "code": "OCC 093",
        "value": "Audiologist/Dietitian/Orthoptist/Prothetist/Nutrit",
        "providerDescription": "Audiologist/Dietitian/Orthoptist/Prothetist/Nutrit",
        "providerCode": "OCC 093"
      },
      {
        "code": "OCC 040",
        "value": "Author/Novelist/Playwright/Poet/Screenwriter/Edito",
        "providerDescription": "Author/Novelist/Playwright/Poet/Screenwriter/Edito",
        "providerCode": "OCC 040"
      },
      {
        "code": "OCC 118",
        "value": "Automotive Electricians",
        "providerDescription": "Automotive Electricians",
        "providerCode": "OCC 118"
      },
      {
        "code": "OCC 315",
        "value": "AGC and wholly owned Subsidiaries ",
        "providerDescription": "AGC and wholly owned Subsidiaries ",
        "providerCode": "OCC 315"
      },
      {
        "code": "OCC 151",
        "value": "Baker/Pastrycook/Biscuitmaker",
        "providerDescription": "Baker/Pastrycook/Biscuitmaker",
        "providerCode": "OCC 151"
      },
      {
        "code": "OCC 193",
        "value": "Bar Attendants : Barman/Barmaid/Bar Steward",
        "providerDescription": "Bar Attendants : Barman/Barmaid/Bar Steward",
        "providerCode": "OCC 193"
      },
      {
        "code": "OCC 104",
        "value": "Barrister/Solicitor/Articled Clerk/Legal Officer C",
        "providerDescription": "Barrister/Solicitor/Articled Clerk/Legal Officer C",
        "providerCode": "OCC 104"
      },
      {
        "code": "OCC 124",
        "value": "Blacksmith/Springmaker/Toolsmith/Farrier",
        "providerDescription": "Blacksmith/Springmaker/Toolsmith/Farrier",
        "providerCode": "OCC 124"
      },
      {
        "code": "OCC 257",
        "value": "Blasting Worker : Shot Firer/Powder Monkey",
        "providerDescription": "Blasting Worker : Shot Firer/Powder Monkey",
        "providerCode": "OCC 257"
      },
      {
        "code": "OCC 168",
        "value": "Boot/Shoe Maker : Shoe Repairer/Clicker/Laster",
        "providerDescription": "Boot/Shoe Maker : Shoe Repairer/Clicker/Laster",
        "providerCode": "OCC 168"
      },
      {
        "code": "OCC 133",
        "value": "Bricklayer",
        "providerDescription": "Bricklayer",
        "providerCode": "OCC 133"
      },
      {
        "code": "OCC 281",
        "value": "Builder'S Labourer/Demolition Worker/Crane Chaser",
        "providerDescription": "Builder'S Labourer/Demolition Worker/Crane Chaser",
        "providerCode": "OCC 281"
      },
      {
        "code": "OCC 112",
        "value": "Building/Architectural/Surveying : Technician/Esti",
        "providerDescription": "Building/Architectural/Surveying : Technician/Esti",
        "providerCode": "OCC 112"
      },
      {
        "code": "OCC 228",
        "value": "Business Machine Operator/Comptometrist/Ledger Kee",
        "providerDescription": "Business Machine Operator/Comptometrist/Ledger Kee",
        "providerCode": "OCC 228"
      },
      {
        "code": "OCC 152",
        "value": "Butcher: Smallgoods Maker/Slaughterman",
        "providerDescription": "Butcher: Smallgoods Maker/Slaughterman",
        "providerCode": "OCC 152"
      },
      {
        "code": "OCC 320",
        "value": "BL & E Capital, Internation Business  Analysis P/L ",
        "providerDescription": "BL & E Capital, Internation Business  Analysis P/L ",
        "providerCode": "OCC 320"
      },
      {
        "code": "OCC 172",
        "value": "Cabinetmaker : Custom Furniture Maker/Coffin Maker",
        "providerDescription": "Cabinetmaker : Custom Furniture Maker/Coffin Maker",
        "providerCode": "OCC 172"
      },
      {
        "code": "OCC 308",
        "value": "Caretaker/Janitor",
        "providerDescription": "Caretaker/Janitor",
        "providerCode": "OCC 308"
      },
      {
        "code": "OCC 134",
        "value": "Carpenter/Joiner",
        "providerDescription": "Carpenter/Joiner",
        "providerCode": "OCC 134"
      },
      {
        "code": "OCC 062",
        "value": "Cartographer/Surveyor",
        "providerDescription": "Cartographer/Surveyor",
        "providerCode": "OCC 062"
      },
      {
        "code": "OCC 238",
        "value": "Cashier/Checkout Operator/Service Station Cashier",
        "providerDescription": "Cashier/Checkout Operator/Service Station Cashier",
        "providerCode": "OCC 238"
      },
      {
        "code": "OCC 063",
        "value": "Chemical Engineer",
        "providerDescription": "Chemical Engineer",
        "providerCode": "OCC 063"
      },
      {
        "code": "OCC 018",
        "value": "Child Care Centre Director/Co-Ordinator",
        "providerDescription": "Child Care Centre Director/Co-Ordinator",
        "providerCode": "OCC 018"
      },
      {
        "code": "OCC 189",
        "value": "Child Care Worker/Hostel Parent/Refuge Worker",
        "providerDescription": "Child Care Worker/Hostel Parent/Refuge Worker",
        "providerCode": "OCC 189"
      },
      {
        "code": "OCC 092",
        "value": "Chiropractor/Osteopath",
        "providerDescription": "Chiropractor/Osteopath",
        "providerCode": "OCC 092"
      },
      {
        "code": "OCC 065",
        "value": "Civil Engineer",
        "providerDescription": "Civil Engineer",
        "providerCode": "OCC 065"
      },
      {
        "code": "OCC 114",
        "value": "Civil Engineering Technician/Associate/Draughtsper",
        "providerDescription": "Civil Engineering Technician/Associate/Draughtsper",
        "providerCode": "OCC 114"
      },
      {
        "code": "OCC 280",
        "value": "Cleaner : Industrial/Domestic/Window/Carpet/Vehicl",
        "providerDescription": "Cleaner : Industrial/Domestic/Window/Carpet/Vehicl",
        "providerCode": "OCC 280"
      },
      {
        "code": "OCC 215",
        "value": "Clerk/Record Taker : Bookmaker'S/Classified Adv/Su",
        "providerDescription": "Clerk/Record Taker : Bookmaker'S/Classified Adv/Su",
        "providerCode": "OCC 215"
      },
      {
        "code": "OCC 225",
        "value": "Clerk: Charity Collection/Debt Collection",
        "providerDescription": "Clerk: Charity Collection/Debt Collection",
        "providerCode": "OCC 225"
      },
      {
        "code": "OCC 024",
        "value": "Commissioned Officer : Police/Fire Brigade",
        "providerDescription": "Commissioned Officer : Police/Fire Brigade",
        "providerCode": "OCC 024"
      },
      {
        "code": "OCC 025",
        "value": "Commissioned Officer Of Defence Forces",
        "providerDescription": "Commissioned Officer Of Defence Forces",
        "providerCode": "OCC 025"
      },
      {
        "code": "OCC 046",
        "value": "Commodities Broker",
        "providerDescription": "Commodities Broker",
        "providerCode": "OCC 046"
      },
      {
        "code": "OCC 150",
        "value": "Communications Equipment Tradeperson/Line Servicer",
        "providerDescription": "Communications Equipment Tradeperson/Line Servicer",
        "providerCode": "OCC 150"
      },
      {
        "code": "OCC 166",
        "value": "Compositor/Typesetter",
        "providerDescription": "Compositor/Typesetter",
        "providerCode": "OCC 166"
      },
      {
        "code": "OCC 210",
        "value": "Computer Operator/Data Entry Operator",
        "providerDescription": "Computer Operator/Data Entry Operator",
        "providerCode": "OCC 210"
      },
      {
        "code": "OCC 102",
        "value": "Computing Professional:Programmer/Systems Analyst",
        "providerDescription": "Computing Professional:Programmer/Systems Analyst",
        "providerCode": "OCC 102"
      },
      {
        "code": "OCC 284",
        "value": "Concrete Workers/Labourers",
        "providerDescription": "Concrete Workers/Labourers",
        "providerCode": "OCC 284"
      },
      {
        "code": "OCC 054",
        "value": "Consultant : Industrial Relations/Organisation/Met",
        "providerDescription": "Consultant : Industrial Relations/Organisation/Met",
        "providerCode": "OCC 054"
      },
      {
        "code": "OCC 153",
        "value": "Cook/Chef",
        "providerDescription": "Cook/Chef",
        "providerCode": "OCC 153"
      },
      {
        "code": "OCC 105",
        "value": "Counsellor : Drug/Alcohol/Marriage/Family Court/Ca",
        "providerDescription": "Counsellor : Drug/Alcohol/Marriage/Family Court/Ca",
        "providerCode": "OCC 105"
      },
      {
        "code": "OCC 034",
        "value": "Dancers & Choreographers : Ballet/Tap Dancer",
        "providerDescription": "Dancers & Choreographers : Ballet/Tap Dancer",
        "providerCode": "OCC 034"
      },
      {
        "code": "OCC 226",
        "value": "Debt & Collections Clerk/Production Recording Cler",
        "providerDescription": "Debt & Collections Clerk/Production Recording Cler",
        "providerCode": "OCC 226"
      },
      {
        "code": "OCC 191",
        "value": "Dental Nurse/Dental Assistant",
        "providerDescription": "Dental Nurse/Dental Assistant",
        "providerCode": "OCC 191"
      },
      {
        "code": "OCC 094",
        "value": "Dental Practitioner : Dentist/Oral Surgeon/Orthodo",
        "providerDescription": "Dental Practitioner : Dentist/Oral Surgeon/Orthodo",
        "providerCode": "OCC 094"
      },
      {
        "code": "OCC 182",
        "value": "Designers & Illustrators : Fashion/Graphic/Interio",
        "providerDescription": "Designers & Illustrators : Fashion/Graphic/Interio",
        "providerCode": "OCC 182"
      },
      {
        "code": "OCC 099",
        "value": "Doctor : General Medical Practitioner Ie:Gp",
        "providerDescription": "Doctor : General Medical Practitioner Ie:Gp",
        "providerCode": "OCC 099"
      },
      {
        "code": "OCC 170",
        "value": "Dressmaker/Tailor/Furrier/Milliner/Apparel Cutter",
        "providerDescription": "Dressmaker/Tailor/Furrier/Milliner/Apparel Cutter",
        "providerCode": "OCC 170"
      },
      {
        "code": "OCC 272",
        "value": "Driver - Automobile : Taxi/Hire Car/Chauffeur",
        "providerDescription": "Driver - Automobile : Taxi/Hire Car/Chauffeur",
        "providerCode": "OCC 272"
      },
      {
        "code": "OCC 275",
        "value": "Driver - Bus/Tram",
        "providerDescription": "Driver - Bus/Tram",
        "providerCode": "OCC 275"
      },
      {
        "code": "OCC 276",
        "value": "Driver - Truck/Van/Semi-Trailer/Tanker/Road Train",
        "providerDescription": "Driver - Truck/Van/Semi-Trailer/Tanker/Road Train",
        "providerCode": "OCC 276"
      },
      {
        "code": "OCC 267",
        "value": "Driver Operator - Logging Machinery",
        "providerDescription": "Driver Operator - Logging Machinery",
        "providerCode": "OCC 267"
      },
      {
        "code": "OCC 274",
        "value": "Driver/Engineer - Train/Locomotive",
        "providerDescription": "Driver/Engineer - Train/Locomotive",
        "providerCode": "OCC 274"
      },
      {
        "code": "OCC 256",
        "value": "Driver/Operator - Crane",
        "providerDescription": "Driver/Operator - Crane",
        "providerCode": "OCC 256"
      },
      {
        "code": "OCC 266",
        "value": "Driver/Operator - Farm/Nursery/Forestry/Road Machi",
        "providerDescription": "Driver/Operator - Farm/Nursery/Forestry/Road Machi",
        "providerCode": "OCC 266"
      },
      {
        "code": "OCC 268",
        "value": "Driver/Operator -Earthmover/Excavator/Dredger/Grad",
        "providerDescription": "Driver/Operator -Earthmover/Excavator/Dredger/Grad",
        "providerCode": "OCC 268"
      },
      {
        "code": "OCC 270",
        "value": "Driver/Operator Forklift Truck/Straddle Carrier",
        "providerDescription": "Driver/Operator Forklift Truck/Straddle Carrier",
        "providerCode": "OCC 270"
      },
      {
        "code": "OCC 283",
        "value": "Earthmoving Labourers/Gravedigger",
        "providerDescription": "Earthmoving Labourers/Gravedigger",
        "providerCode": "OCC 283"
      },
      {
        "code": "OCC 052",
        "value": "Economist : Agricultural/Trade/Labour/Transport",
        "providerDescription": "Economist : Agricultural/Trade/Labour/Transport",
        "providerCode": "OCC 052"
      },
      {
        "code": "OCC 021",
        "value": "Education Manager : School Principal/Dean/Faculty ",
        "providerDescription": "Education Manager : School Principal/Dean/Faculty ",
        "providerCode": "OCC 021"
      },
      {
        "code": "OCC 087",
        "value": "Education Researcher/School Inspector/Curriculum A",
        "providerDescription": "Education Researcher/School Inspector/Curriculum A",
        "providerCode": "OCC 087"
      },
      {
        "code": "OCC 067",
        "value": "Electrical & Electronics Engineers",
        "providerDescription": "Electrical & Electronics Engineers",
        "providerCode": "OCC 067"
      },
      {
        "code": "OCC 143",
        "value": "Electrical Fitter/Electrical Appliance Servicer",
        "providerDescription": "Electrical Fitter/Electrical Appliance Servicer",
        "providerCode": "OCC 143"
      },
      {
        "code": "OCC 146",
        "value": "Electrical Linesman/Cable Joiner",
        "providerDescription": "Electrical Linesman/Cable Joiner",
        "providerCode": "OCC 146"
      },
      {
        "code": "OCC 144",
        "value": "Electrical Mechanic/Electrician",
        "providerDescription": "Electrical Mechanic/Electrician",
        "providerCode": "OCC 144"
      },
      {
        "code": "OCC 117",
        "value": "Electrical/Electronic Engineering Technician/Assoc",
        "providerDescription": "Electrical/Electronic Engineering Technician/Assoc",
        "providerCode": "OCC 117"
      },
      {
        "code": "OCC 071",
        "value": "Engineer : Product Design/Industrial/Safety",
        "providerDescription": "Engineer : Product Design/Industrial/Safety",
        "providerCode": "OCC 071"
      },
      {
        "code": "OCC 186",
        "value": "Enrolled Nurse/Nurses Aide : Mothercraft/Motherhoo",
        "providerDescription": "Enrolled Nurse/Nurses Aide : Mothercraft/Motherhoo",
        "providerCode": "OCC 186"
      },
      {
        "code": "OCC 297",
        "value": "Factory Hands/Labourers/Assistants",
        "providerDescription": "Factory Hands/Labourers/Assistants",
        "providerCode": "OCC 297"
      },
      {
        "code": "OCC 301",
        "value": "Farm Hands And Assistants",
        "providerDescription": "Farm Hands And Assistants",
        "providerCode": "OCC 301"
      },
      {
        "code": "OCC 007",
        "value": "Farm Manager",
        "providerDescription": "Farm Manager",
        "providerCode": "OCC 007"
      },
      {
        "code": "OCC 008",
        "value": "Farmer",
        "providerDescription": "Farmer",
        "providerCode": "OCC 008"
      },
      {
        "code": "OCC 005",
        "value": "Farmer/Farm Manager",
        "providerDescription": "Farmer/Farm Manager",
        "providerCode": "OCC 005"
      },
      {
        "code": "OCC 041",
        "value": "Film Television & Stage Director : Stage Manager/A",
        "providerDescription": "Film Television & Stage Director : Stage Manager/A",
        "providerCode": "OCC 041"
      },
      {
        "code": "OCC 031",
        "value": "Finance Industry Branch Manager : Bank/Bldg Soc E",
        "providerDescription": "Finance Industry Branch Manager : Bank/Bldg Soc E",
        "providerCode": "OCC 031"
      },
      {
        "code": "OCC 197",
        "value": "Fire Fighter/Fire Prevention Officer",
        "providerDescription": "Fire Fighter/Fire Prevention Officer",
        "providerCode": "OCC 197"
      },
      {
        "code": "OCC 310",
        "value": "Fitter : Vehicle Accessories",
        "providerDescription": "Fitter : Vehicle Accessories",
        "providerCode": "OCC 310"
      },
      {
        "code": "OCC 135",
        "value": "Floor Coverers : Carpet Layers/Floor Finisher",
        "providerDescription": "Floor Coverers : Carpet Layers/Floor Finisher",
        "providerCode": "OCC 135"
      },
      {
        "code": "OCC 299",
        "value": "Forestry Labourer",
        "providerDescription": "Forestry Labourer",
        "providerCode": "OCC 299"
      },
      {
        "code": "OCC 304",
        "value": "Freight & Furniture Handlers/Waterside Worker",
        "providerDescription": "Freight & Furniture Handlers/Waterside Worker",
        "providerCode": "OCC 304"
      },
      {
        "code": "OCC 171",
        "value": "Furniturer Upholsterer/Bedding & Mattress Maker",
        "providerDescription": "Furniturer Upholsterer/Bedding & Mattress Maker",
        "providerCode": "OCC 171"
      },
      {
        "code": "OCC 311",
        "value": "Garbage Collector/Garbologist",
        "providerDescription": "Garbage Collector/Garbologist",
        "providerCode": "OCC 311"
      },
      {
        "code": "OCC 158",
        "value": "Gardener/Landscape Gardener/Tree Surgeon",
        "providerDescription": "Gardener/Landscape Gardener/Tree Surgeon",
        "providerCode": "OCC 158"
      },
      {
        "code": "OCC 020",
        "value": "General Manager/Managing Director/Hospital Control",
        "providerDescription": "General Manager/Managing Director/Hospital Control",
        "providerCode": "OCC 020"
      },
      {
        "code": "OCC 108",
        "value": "Geographer/Historian/Social Scientist/Linguist",
        "providerDescription": "Geographer/Historian/Social Scientist/Linguist",
        "providerCode": "OCC 108"
      },
      {
        "code": "OCC 137",
        "value": "Glass : Etcher/Cutter/Blower/Glazier",
        "providerDescription": "Glass : Etcher/Cutter/Blower/Glazier",
        "providerCode": "OCC 137"
      },
      {
        "code": "OCC 010",
        "value": "Grazier",
        "providerDescription": "Grazier",
        "providerCode": "OCC 010"
      },
      {
        "code": "OCC 160",
        "value": "Greenkeeper/Groundsman-Woman",
        "providerDescription": "Greenkeeper/Groundsman-Woman",
        "providerCode": "OCC 160"
      },
      {
        "code": "OCC 200",
        "value": "Guards & Security Officers/Protecive Services Offi",
        "providerDescription": "Guards & Security Officers/Protecive Services Offi",
        "providerCode": "OCC 200"
      },
      {
        "code": "OCC 162",
        "value": "Hairdresser/Barber",
        "providerDescription": "Hairdresser/Barber",
        "providerCode": "OCC 162"
      },
      {
        "code": "OCC 293",
        "value": "Hand Packers - Meat/Fruit & Vegetable/Grocery/Shir",
        "providerDescription": "Hand Packers - Meat/Fruit & Vegetable/Grocery/Shir",
        "providerCode": "OCC 293"
      },
      {
        "code": "OCC 187",
        "value": "Home Companions/Aides/Helper : Family Support Work",
        "providerDescription": "Home Companions/Aides/Helper : Family Support Work",
        "providerCode": "OCC 187"
      },
      {
        "code": "OCC 324",
        "value": "Home Duties ",
        "providerDescription": "Home Duties ",
        "providerCode": "OCC 324"
      },
      {
        "code": "OCC 285",
        "value": "Home Improvement Installers/Vehicle Accessory Fitt",
        "providerDescription": "Home Improvement Installers/Vehicle Accessory Fitt",
        "providerCode": "OCC 285"
      },
      {
        "code": "OCC 154",
        "value": "Horse Breaker/Animal Trainer",
        "providerDescription": "Horse Breaker/Animal Trainer",
        "providerCode": "OCC 154"
      },
      {
        "code": "OCC 192",
        "value": "Hospital Aide : Orderly/Porter/Wardsman/Food Servi",
        "providerDescription": "Hospital Aide : Orderly/Porter/Wardsman/Food Servi",
        "providerCode": "OCC 192"
      },
      {
        "code": "OCC 278",
        "value": "Housekeeper",
        "providerDescription": "Housekeeper",
        "providerCode": "OCC 278"
      },
      {
        "code": "OCC 242",
        "value": "Industrial Spray Painters",
        "providerDescription": "Industrial Spray Painters",
        "providerCode": "OCC 242"
      },
      {
        "code": "OCC 116",
        "value": "Inspectors : Building/Health/Customs/Safety/Train",
        "providerDescription": "Inspectors : Building/Health/Customs/Safety/Train",
        "providerCode": "OCC 116"
      },
      {
        "code": "OCC 128",
        "value": "Instrument Maker/Locksmith/Gun Smith/Jeweller/Engr",
        "providerDescription": "Instrument Maker/Locksmith/Gun Smith/Jeweller/Engr",
        "providerCode": "OCC 128"
      },
      {
        "code": "OCC 045",
        "value": "Insurance Broker/Agent/Underwriter",
        "providerDescription": "Insurance Broker/Agent/Underwriter",
        "providerCode": "OCC 045"
      },
      {
        "code": "OCC 213",
        "value": "Insurance/Stockbroking Clerk : Health Insurance/Sc",
        "providerDescription": "Insurance/Stockbroking Clerk : Health Insurance/Sc",
        "providerCode": "OCC 213"
      },
      {
        "code": "OCC 047",
        "value": "Investment Advisor/Dealer : Property/Shares/Financ",
        "providerDescription": "Investment Advisor/Dealer : Property/Shares/Financ",
        "providerCode": "OCC 047"
      },
      {
        "code": "OCC 180",
        "value": "Jeweller/Gold-Silver Smith/Diamond Cutter/Lapidiar",
        "providerDescription": "Jeweller/Gold-Silver Smith/Diamond Cutter/Lapidiar",
        "providerCode": "OCC 180"
      },
      {
        "code": "OCC 042",
        "value": "Journalist/Reporter/Copy-Writer/Columnist/Critic",
        "providerDescription": "Journalist/Reporter/Copy-Writer/Columnist/Critic",
        "providerCode": "OCC 042"
      },
      {
        "code": "OCC 103",
        "value": "Judge/Coroner/Magistrate/Industrial Tribunal Membe",
        "providerDescription": "Judge/Coroner/Magistrate/Industrial Tribunal Membe",
        "providerCode": "OCC 103"
      },
      {
        "code": "OCC 303",
        "value": "Kitchenhands/Dishwasher/Pantrymaid",
        "providerDescription": "Kitchenhands/Dishwasher/Pantrymaid",
        "providerCode": "OCC 303"
      },
      {
        "code": "OCC 289",
        "value": "Labourer : Mining & Mineral Ore Treatment",
        "providerDescription": "Labourer : Mining & Mineral Ore Treatment",
        "providerCode": "OCC 289"
      },
      {
        "code": "OCC 286",
        "value": "Labourer : Paving & Surfacing/Road Maintenance",
        "providerDescription": "Labourer : Paving & Surfacing/Road Maintenance",
        "providerCode": "OCC 286"
      },
      {
        "code": "OCC 287",
        "value": "Labourer : Railway/Tramway",
        "providerDescription": "Labourer : Railway/Tramway",
        "providerCode": "OCC 287"
      },
      {
        "code": "OCC 279",
        "value": "Laundry Workers : Clothing Presser/Laundromat Atte",
        "providerDescription": "Laundry Workers : Clothing Presser/Laundromat Atte",
        "providerCode": "OCC 279"
      },
      {
        "code": "OCC 169",
        "value": "Leather/Canvas/Sail/Saddle Maker (Except Boots/Sho",
        "providerDescription": "Leather/Canvas/Sail/Saddle Maker (Except Boots/Sho",
        "providerCode": "OCC 169"
      },
      {
        "code": "OCC 224",
        "value": "Legal Clerk/Clerk Of Court/Court Usher/Bailiff/She",
        "providerDescription": "Legal Clerk/Clerk Of Court/Court Usher/Bailiff/She",
        "providerCode": "OCC 224"
      },
      {
        "code": "OCC 053",
        "value": "Librarian : Bibliographer/Cataloguer",
        "providerDescription": "Librarian : Bibliographer/Cataloguer",
        "providerCode": "OCC 053"
      },
      {
        "code": "OCC 229",
        "value": "Library & Filing Clerk : Library Attendant",
        "providerDescription": "Library & Filing Clerk : Library Attendant",
        "providerCode": "OCC 229"
      },
      {
        "code": "OCC 195",
        "value": "Luggage Porter/Hotel Page",
        "providerDescription": "Luggage Porter/Hotel Page",
        "providerCode": "OCC 195"
      },
      {
        "code": "OCC 254",
        "value": "Machine Operator - Chemicals/Pharmaceuticals/Toile",
        "providerDescription": "Machine Operator - Chemicals/Pharmaceuticals/Toile",
        "providerCode": "OCC 254"
      },
      {
        "code": "OCC 253",
        "value": "Machine Operator - Cigarette Making/Dry Cleaning/S",
        "providerDescription": "Machine Operator - Cigarette Making/Dry Cleaning/S",
        "providerCode": "OCC 253"
      },
      {
        "code": "OCC 240",
        "value": "Machine Operator - Concrete Pipe/Clay/Brick Making",
        "providerDescription": "Machine Operator - Concrete Pipe/Clay/Brick Making",
        "providerCode": "OCC 240"
      },
      {
        "code": "OCC 251",
        "value": "Machine Operator - Fabric Production/Weaving/Knitt",
        "providerDescription": "Machine Operator - Fabric Production/Weaving/Knitt",
        "providerCode": "OCC 251"
      },
      {
        "code": "OCC 291",
        "value": "Machine Operator - Food And Beverage Processing",
        "providerDescription": "Machine Operator - Food And Beverage Processing",
        "providerCode": "OCC 291"
      },
      {
        "code": "OCC 263",
        "value": "Machine Operator - Forging/Key Cutter/Springmaking",
        "providerDescription": "Machine Operator - Forging/Key Cutter/Springmaking",
        "providerCode": "OCC 263"
      },
      {
        "code": "OCC 241",
        "value": "Machine Operator - Glass Production",
        "providerDescription": "Machine Operator - Glass Production",
        "providerCode": "OCC 241"
      },
      {
        "code": "OCC 249",
        "value": "Machine Operator - Hide & Skin Processing",
        "providerDescription": "Machine Operator - Hide & Skin Processing",
        "providerCode": "OCC 249"
      },
      {
        "code": "OCC 261",
        "value": "Machine Operator - Metal Moulding/Casting/Wire Dra",
        "providerDescription": "Machine Operator - Metal Moulding/Casting/Wire Dra",
        "providerCode": "OCC 261"
      },
      {
        "code": "OCC 262",
        "value": "Machine Operator - Metal Press Operator",
        "providerDescription": "Machine Operator - Metal Press Operator",
        "providerCode": "OCC 262"
      },
      {
        "code": "OCC 294",
        "value": "Machine Operator - Packaging/Can-Sack-Bag Filling",
        "providerDescription": "Machine Operator - Packaging/Can-Sack-Bag Filling",
        "providerCode": "OCC 294"
      },
      {
        "code": "OCC 244",
        "value": "Machine Operator - Paper/Paper Products/Cartons",
        "providerDescription": "Machine Operator - Paper/Paper Products/Cartons",
        "providerCode": "OCC 244"
      },
      {
        "code": "OCC 245",
        "value": "Machine Operator - Photographic/Dark Room/Microfic",
        "providerDescription": "Machine Operator - Photographic/Dark Room/Microfic",
        "providerCode": "OCC 245"
      },
      {
        "code": "OCC 246",
        "value": "Machine Operator - Plastic/Moulding/Sheet Pressing",
        "providerDescription": "Machine Operator - Plastic/Moulding/Sheet Pressing",
        "providerCode": "OCC 246"
      },
      {
        "code": "OCC 247",
        "value": "Machine Operator - Rubber Production/Tyre Builder",
        "providerDescription": "Machine Operator - Rubber Production/Tyre Builder",
        "providerCode": "OCC 247"
      },
      {
        "code": "OCC 250",
        "value": "Machine Operator - Shoemaking",
        "providerDescription": "Machine Operator - Shoemaking",
        "providerCode": "OCC 250"
      },
      {
        "code": "OCC 248",
        "value": "Machine Operator - Textile Sewing/Buttonholing/Sti",
        "providerDescription": "Machine Operator - Textile Sewing/Buttonholing/Sti",
        "providerCode": "OCC 248"
      },
      {
        "code": "OCC 243",
        "value": "Machine Operator - Wood/Veneer/Plywood Cutting/Sha",
        "providerDescription": "Machine Operator - Wood/Veneer/Plywood Cutting/Sha",
        "providerCode": "OCC 243"
      },
      {
        "code": "OCC 252",
        "value": "Machine Operator - Yarn Production Carding/Spinnin",
        "providerDescription": "Machine Operator - Yarn Production Carding/Spinnin",
        "providerCode": "OCC 252"
      },
      {
        "code": "OCC 219",
        "value": "Mail Sorter",
        "providerDescription": "Mail Sorter",
        "providerCode": "OCC 219"
      },
      {
        "code": "OCC 232",
        "value": "Manager : Real Estate/Post Office/Railway Station/",
        "providerDescription": "Manager : Real Estate/Post Office/Railway Station/",
        "providerCode": "OCC 232"
      },
      {
        "code": "OCC 030",
        "value": "Manager : Shop/Small Business/Department",
        "providerDescription": "Manager : Shop/Small Business/Department",
        "providerCode": "OCC 030"
      },
      {
        "code": "OCC 016",
        "value": "Manager : Wholesale/Building & Construction",
        "providerDescription": "Manager : Wholesale/Building & Construction",
        "providerCode": "OCC 016"
      },
      {
        "code": "OCC 029",
        "value": "Manager/Supervisor : Hotel/Motel/Accomodation",
        "providerDescription": "Manager/Supervisor : Hotel/Motel/Accomodation",
        "providerCode": "OCC 029"
      },
      {
        "code": "OCC 028",
        "value": "Manager/Supervisor : Restaurant/Catering",
        "providerDescription": "Manager/Supervisor : Restaurant/Catering",
        "providerCode": "OCC 028"
      },
      {
        "code": "OCC 002",
        "value": "Manager/Supervisor/Specialist",
        "providerDescription": "Manager/Supervisor/Specialist",
        "providerCode": "OCC 002"
      },
      {
        "code": "OCC 059",
        "value": "Marine : Engineer/Surveyor",
        "providerDescription": "Marine : Engineer/Surveyor",
        "providerCode": "OCC 059"
      },
      {
        "code": "OCC 009",
        "value": "Market Gardener",
        "providerDescription": "Market Gardener",
        "providerCode": "OCC 009"
      },
      {
        "code": "OCC 051",
        "value": "Mathematician/Statistician/Actuary",
        "providerDescription": "Mathematician/Statistician/Actuary",
        "providerCode": "OCC 051"
      },
      {
        "code": "OCC 147",
        "value": "Mechanic : Lift/Vending Machine/Poker Machine",
        "providerDescription": "Mechanic : Lift/Vending Machine/Poker Machine",
        "providerCode": "OCC 147"
      },
      {
        "code": "OCC 115",
        "value": "Mechanical Engineering Technician/Draughtsperson",
        "providerDescription": "Mechanical Engineering Technician/Draughtsperson",
        "providerCode": "OCC 115"
      },
      {
        "code": "OCC 068",
        "value": "Mechanical Engineers",
        "providerDescription": "Mechanical Engineers",
        "providerCode": "OCC 068"
      },
      {
        "code": "OCC 110",
        "value": "Medical Laboratory Technician & Technical Officers",
        "providerDescription": "Medical Laboratory Technician & Technical Officers",
        "providerCode": "OCC 110"
      },
      {
        "code": "OCC 216",
        "value": "Messenger & Delivery Officer : Postal Worker/Copy ",
        "providerDescription": "Messenger & Delivery Officer : Postal Worker/Copy ",
        "providerCode": "OCC 216"
      },
      {
        "code": "OCC 121",
        "value": "Metal Casting/Patternmaker/Moulder/Coremaker",
        "providerDescription": "Metal Casting/Patternmaker/Moulder/Coremaker",
        "providerCode": "OCC 121"
      },
      {
        "code": "OCC 122",
        "value": "Metal Finishing/Metal Electroplater/Metal Polisher",
        "providerDescription": "Metal Finishing/Metal Electroplater/Metal Polisher",
        "providerCode": "OCC 122"
      },
      {
        "code": "OCC 126",
        "value": "Metal Fitter/Machinist/Die Setter/Plant Mechanic",
        "providerDescription": "Metal Fitter/Machinist/Die Setter/Plant Mechanic",
        "providerCode": "OCC 126"
      },
      {
        "code": "OCC 064",
        "value": "Metallurgist And Materials Scientist",
        "providerDescription": "Metallurgist And Materials Scientist",
        "providerCode": "OCC 064"
      },
      {
        "code": "OCC 292",
        "value": "Miller/Buttermaker/Cheesemaker/Confectioner",
        "providerDescription": "Miller/Buttermaker/Cheesemaker/Confectioner",
        "providerCode": "OCC 292"
      },
      {
        "code": "OCC 069",
        "value": "Mining Engineers",
        "providerDescription": "Mining Engineers",
        "providerCode": "OCC 069"
      },
      {
        "code": "OCC 106",
        "value": "Minister/Member Of Relig Order : Chaplain/Rabbi/P",
        "providerDescription": "Minister/Member Of Relig Order : Chaplain/Rabbi/P",
        "providerCode": "OCC 106"
      },
      {
        "code": "OCC 271",
        "value": "Mobile Plant Operator : Road Linemarker/Sweeper",
        "providerDescription": "Mobile Plant Operator : Road Linemarker/Sweeper",
        "providerCode": "OCC 271"
      },
      {
        "code": "OCC 119",
        "value": "Motor Mechanic : Cars/Motorcycles/Small Engines",
        "providerDescription": "Motor Mechanic : Cars/Motorcycles/Small Engines",
        "providerCode": "OCC 119"
      },
      {
        "code": "OCC 035",
        "value": "Musician/Composer/Band Leader/Opera Singer/Vocalis",
        "providerDescription": "Musician/Composer/Band Leader/Opera Singer/Vocalis",
        "providerCode": "OCC 035"
      },
      {
        "code": "OCC 300",
        "value": "Nursery And Garden Labourers",
        "providerDescription": "Nursery And Garden Labourers",
        "providerCode": "OCC 300"
      },
      {
        "code": "OCC 161",
        "value": "Nurseryman-Woman",
        "providerDescription": "Nurseryman-Woman",
        "providerCode": "OCC 161"
      },
      {
        "code": "OCC 095",
        "value": "Occupational Therapist",
        "providerDescription": "Occupational Therapist",
        "providerCode": "OCC 095"
      },
      {
        "code": "OCC 149",
        "value": "Office Equipment & Computer Servicers",
        "providerDescription": "Office Equipment & Computer Servicers",
        "providerCode": "OCC 149"
      },
      {
        "code": "OCC 208",
        "value": "Office Secretary/Stenographer",
        "providerDescription": "Office Secretary/Stenographer",
        "providerCode": "OCC 208"
      },
      {
        "code": "OCC 230",
        "value": "Office Worker (Unclassified)",
        "providerDescription": "Office Worker (Unclassified)",
        "providerCode": "OCC 230"
      },
      {
        "code": "OCC 090",
        "value": "Optometrist",
        "providerDescription": "Optometrist",
        "providerCode": "OCC 090"
      },
      {
        "code": "OCC 159",
        "value": "Orchardist",
        "providerDescription": "Orchardist",
        "providerCode": "OCC 159"
      },
      {
        "code": "OCC 136",
        "value": "Painter(Buildings)/Decorator : Paperhanger/Signwri",
        "providerDescription": "Painter(Buildings)/Decorator : Paperhanger/Signwri",
        "providerCode": "OCC 136"
      },
      {
        "code": "OCC 129",
        "value": "Panel Beater",
        "providerDescription": "Panel Beater",
        "providerCode": "OCC 129"
      },
      {
        "code": "OCC 317",
        "value": "Partnership Pacific ",
        "providerDescription": "Partnership Pacific ",
        "providerCode": "OCC 317"
      },
      {
        "code": "OCC 326",
        "value": "Pensioner ",
        "providerDescription": "Pensioner ",
        "providerCode": "OCC 326"
      },
      {
        "code": "OCC 183",
        "value": "Performing Arts Support : Sound Technician/Cameram",
        "providerDescription": "Performing Arts Support : Sound Technician/Cameram",
        "providerCode": "OCC 183"
      },
      {
        "code": "OCC 227",
        "value": "Personnel Clerk : Employment Office Clerk",
        "providerDescription": "Personnel Clerk : Employment Office Clerk",
        "providerCode": "OCC 227"
      },
      {
        "code": "OCC 050",
        "value": "Personnel Specialists: Training/Staff Development",
        "providerDescription": "Personnel Specialists: Training/Staff Development",
        "providerCode": "OCC 050"
      },
      {
        "code": "OCC 091",
        "value": "Pharmacist : Hospital/Industrial/Retail",
        "providerDescription": "Pharmacist : Hospital/Industrial/Retail",
        "providerCode": "OCC 091"
      },
      {
        "code": "OCC 217",
        "value": "Photocopying/Duplicating Clerk",
        "providerDescription": "Photocopying/Duplicating Clerk",
        "providerCode": "OCC 217"
      },
      {
        "code": "OCC 036",
        "value": "Photographer(Stills)",
        "providerDescription": "Photographer(Stills)",
        "providerCode": "OCC 036"
      },
      {
        "code": "OCC 096",
        "value": "Physiotherapist",
        "providerDescription": "Physiotherapist",
        "providerCode": "OCC 096"
      },
      {
        "code": "OCC 181",
        "value": "Piano Tuner/Potter/Leadlighter/Musical Instrument ",
        "providerDescription": "Piano Tuner/Potter/Leadlighter/Musical Instrument ",
        "providerCode": "OCC 181"
      },
      {
        "code": "OCC 265",
        "value": "Plant Operator - Bulk Material Handling/Conveyor B",
        "providerDescription": "Plant Operator - Bulk Material Handling/Conveyor B",
        "providerCode": "OCC 265"
      },
      {
        "code": "OCC 178",
        "value": "Plant Operator - Chemical Distilling/Fermentation",
        "providerDescription": "Plant Operator - Chemical Distilling/Fermentation",
        "providerCode": "OCC 178"
      },
      {
        "code": "OCC 177",
        "value": "Plant Operator - Drilling/Power Generation",
        "providerDescription": "Plant Operator - Drilling/Power Generation",
        "providerCode": "OCC 177"
      },
      {
        "code": "OCC 264",
        "value": "Plant Operator - Engine/Boilers/Regrigeration",
        "providerDescription": "Plant Operator - Engine/Boilers/Regrigeration",
        "providerCode": "OCC 264"
      },
      {
        "code": "OCC 260",
        "value": "Plant Operator - Furnace/Kiln",
        "providerDescription": "Plant Operator - Furnace/Kiln",
        "providerCode": "OCC 260"
      },
      {
        "code": "OCC 259",
        "value": "Plant Operator - General/Ore-Mineral Treating/Rail",
        "providerDescription": "Plant Operator - General/Ore-Mineral Treating/Rail",
        "providerCode": "OCC 259"
      },
      {
        "code": "OCC 255",
        "value": "Plant Operator - Hoist/Winch/Lift",
        "providerDescription": "Plant Operator - Hoist/Winch/Lift",
        "providerCode": "OCC 255"
      },
      {
        "code": "OCC 269",
        "value": "Plant Operator - Paving/Surfacing Machinery",
        "providerDescription": "Plant Operator - Paving/Surfacing Machinery",
        "providerCode": "OCC 269"
      },
      {
        "code": "OCC 179",
        "value": "Plant Operator - Petroleum & Gas Refining/Pumping",
        "providerDescription": "Plant Operator - Petroleum & Gas Refining/Pumping",
        "providerCode": "OCC 179"
      },
      {
        "code": "OCC 258",
        "value": "Plant Operator : Drilling",
        "providerDescription": "Plant Operator : Drilling",
        "providerCode": "OCC 258"
      },
      {
        "code": "OCC 138",
        "value": "Plasterer : Cement Plasterer/Plater Fixer/Plasterb",
        "providerDescription": "Plasterer : Cement Plasterer/Plater Fixer/Plasterb",
        "providerCode": "OCC 138"
      },
      {
        "code": "OCC 141",
        "value": "Plumber/Gasfitter/Drainer",
        "providerDescription": "Plumber/Gasfitter/Drainer",
        "providerCode": "OCC 141"
      },
      {
        "code": "OCC 097",
        "value": "Podiatrist/Chiropodist",
        "providerDescription": "Podiatrist/Chiropodist",
        "providerCode": "OCC 097"
      },
      {
        "code": "OCC 198",
        "value": "Policeman/Policewoman : Station Sergeant/Detective",
        "providerDescription": "Policeman/Policewoman : Station Sergeant/Detective",
        "providerCode": "OCC 198"
      },
      {
        "code": "OCC 218",
        "value": "Postal Clerks & Officers",
        "providerDescription": "Postal Clerks & Officers",
        "providerCode": "OCC 218"
      },
      {
        "code": "OCC 081",
        "value": "Pre-Primary School Teacher",
        "providerDescription": "Pre-Primary School Teacher",
        "providerCode": "OCC 081"
      },
      {
        "code": "OCC 082",
        "value": "Primary School Teacher",
        "providerDescription": "Primary School Teacher",
        "providerCode": "OCC 082"
      },
      {
        "code": "OCC 163",
        "value": "Print Binder/Finisher/Bookbinder",
        "providerDescription": "Print Binder/Finisher/Bookbinder",
        "providerCode": "OCC 163"
      },
      {
        "code": "OCC 167",
        "value": "Printing Machinists",
        "providerDescription": "Printing Machinists",
        "providerCode": "OCC 167"
      },
      {
        "code": "OCC 165",
        "value": "Printing Plate Makers : Letterpress/Lithograph",
        "providerDescription": "Printing Plate Makers : Letterpress/Lithograph",
        "providerCode": "OCC 165"
      },
      {
        "code": "OCC 199",
        "value": "Prison Officer",
        "providerDescription": "Prison Officer",
        "providerCode": "OCC 199"
      },
      {
        "code": "OCC 088",
        "value": "Private Teacher/Instructor : Dance/Drama/Driving/M",
        "providerDescription": "Private Teacher/Instructor : Dance/Drama/Driving/M",
        "providerCode": "OCC 088"
      },
      {
        "code": "OCC 221",
        "value": "Procurement Officer : Supply Officer/Retail Buyer",
        "providerDescription": "Procurement Officer : Supply Officer/Retail Buyer",
        "providerCode": "OCC 221"
      },
      {
        "code": "OCC 032",
        "value": "Professional (Unclassified) ",
        "providerDescription": "Professional (Unclassified) ",
        "providerCode": "OCC 032"
      },
      {
        "code": "OCC 204",
        "value": "Professional Sportsperson : Player/Coach/Jockey/Um",
        "providerDescription": "Professional Sportsperson : Player/Coach/Jockey/Um",
        "providerCode": "OCC 204"
      },
      {
        "code": "OCC 107",
        "value": "Psychologist : Clinical/Occupational/Educational",
        "providerDescription": "Psychologist : Clinical/Occupational/Educational",
        "providerCode": "OCC 107"
      },
      {
        "code": "OCC 056",
        "value": "Public Relations/Press Officers",
        "providerDescription": "Public Relations/Press Officers",
        "providerCode": "OCC 056"
      },
      {
        "code": "OCC 296",
        "value": "Quality Controllers/Product Grader-Examiner-Tester",
        "providerDescription": "Quality Controllers/Product Grader-Examiner-Tester",
        "providerCode": "OCC 296"
      },
      {
        "code": "OCC 066",
        "value": "Quantity Surveyor",
        "providerDescription": "Quantity Surveyor",
        "providerCode": "OCC 066"
      },
      {
        "code": "OCC 148",
        "value": "Radio & Tv Servicers",
        "providerDescription": "Radio & Tv Servicers",
        "providerCode": "OCC 148"
      },
      {
        "code": "OCC 089",
        "value": "Radiographer",
        "providerDescription": "Radiographer",
        "providerCode": "OCC 089"
      },
      {
        "code": "OCC 233",
        "value": "Real Estate Salespersons/Property Managers",
        "providerDescription": "Real Estate Salespersons/Property Managers",
        "providerCode": "OCC 233"
      },
      {
        "code": "OCC 211",
        "value": "Receptionist/Information/Complaints Clerk : Ward C",
        "providerDescription": "Receptionist/Information/Complaints Clerk : Ward C",
        "providerCode": "OCC 211"
      },
      {
        "code": "OCC 145",
        "value": "Refrigeration & Air Conditioning Mechanic",
        "providerDescription": "Refrigeration & Air Conditioning Mechanic",
        "providerCode": "OCC 145"
      },
      {
        "code": "OCC 101",
        "value": "Registered Nurse",
        "providerDescription": "Registered Nurse",
        "providerCode": "OCC 101"
      },
      {
        "code": "OCC 325",
        "value": "Retired ",
        "providerDescription": "Retired ",
        "providerCode": "OCC 325"
      },
      {
        "code": "OCC 314",
        "value": "Retired Employees",
        "providerDescription": "Retired Employees",
        "providerCode": "OCC 314"
      },
      {
        "code": "OCC 139",
        "value": "Roof Slater/Roof Tiler",
        "providerDescription": "Roof Slater/Roof Tiler",
        "providerCode": "OCC 139"
      },
      {
        "code": "OCC 309",
        "value": "Sailors (Not Ran)/Fisherman-Woman/Deckhands",
        "providerDescription": "Sailors (Not Ran)/Fisherman-Woman/Deckhands",
        "providerCode": "OCC 309"
      },
      {
        "code": "OCC 234",
        "value": "Sales Assistants",
        "providerDescription": "Sales Assistants",
        "providerCode": "OCC 234"
      },
      {
        "code": "OCC 231",
        "value": "Sales Representative/Company Representative",
        "providerDescription": "Sales Representative/Company Representative",
        "providerCode": "OCC 231"
      },
      {
        "code": "OCC 111",
        "value": "Science Laboratory Technician & Technical Officers",
        "providerDescription": "Science Laboratory Technician & Technical Officers",
        "providerCode": "OCC 111"
      },
      {
        "code": "OCC 076",
        "value": "Scientist: Anatomist/Physiologist/Biochemist/Botan",
        "providerDescription": "Scientist: Anatomist/Physiologist/Biochemist/Botan",
        "providerCode": "OCC 076"
      },
      {
        "code": "OCC 073",
        "value": "Scientist: Chemist/Assayer/Food Technologist",
        "providerDescription": "Scientist: Chemist/Assayer/Food Technologist",
        "providerCode": "OCC 073"
      },
      {
        "code": "OCC 074",
        "value": "Scientist: Enviromental/Soil/Meteorologist",
        "providerDescription": "Scientist: Enviromental/Soil/Meteorologist",
        "providerCode": "OCC 074"
      },
      {
        "code": "OCC 075",
        "value": "Scientist: Geologist/Geochemist/Oceanographer",
        "providerDescription": "Scientist: Geologist/Geochemist/Oceanographer",
        "providerCode": "OCC 075"
      },
      {
        "code": "OCC 078",
        "value": "Scientist: Medical Testing Chemist/Epidemiologist",
        "providerDescription": "Scientist: Medical Testing Chemist/Epidemiologist",
        "providerCode": "OCC 078"
      },
      {
        "code": "OCC 080",
        "value": "Scientist: Physicist/Astronomer/Cosmologist",
        "providerDescription": "Scientist: Physicist/Astronomer/Cosmologist",
        "providerCode": "OCC 080"
      },
      {
        "code": "OCC 164",
        "value": "Screen Printers",
        "providerDescription": "Screen Printers",
        "providerCode": "OCC 164"
      },
      {
        "code": "OCC 083",
        "value": "Secondary School Teacher",
        "providerDescription": "Secondary School Teacher",
        "providerCode": "OCC 083"
      },
      {
        "code": "OCC 307",
        "value": "Semi-Skilled Worker (Unclassified)",
        "providerDescription": "Semi-Skilled Worker (Unclassified)",
        "providerCode": "OCC 307"
      },
      {
        "code": "OCC 157",
        "value": "Semi-Skilled Worker : Foreman/Florist/Diver/Mason",
        "providerDescription": "Semi-Skilled Worker : Foreman/Florist/Diver/Mason",
        "providerCode": "OCC 157"
      },
      {
        "code": "OCC 014",
        "value": "Senior Public Servant",
        "providerDescription": "Senior Public Servant",
        "providerCode": "OCC 014"
      },
      {
        "code": "OCC 236",
        "value": "Service Counter Clerk/Demonstrator/Rental Clerk",
        "providerDescription": "Service Counter Clerk/Demonstrator/Rental Clerk",
        "providerCode": "OCC 236"
      },
      {
        "code": "OCC 196",
        "value": "Serviceman - Defence Forces",
        "providerDescription": "Serviceman - Defence Forces",
        "providerCode": "OCC 196"
      },
      {
        "code": "OCC 201",
        "value": "Services : Croupier/Funeral/Massage/Beauty/Guide",
        "providerDescription": "Services : Croupier/Funeral/Massage/Beauty/Guide",
        "providerCode": "OCC 201"
      },
      {
        "code": "OCC 155",
        "value": "Sheep Shearer",
        "providerDescription": "Sheep Shearer",
        "providerCode": "OCC 155"
      },
      {
        "code": "OCC 120",
        "value": "Sheetmetal Worker/Coppersmith/Metal Spinner",
        "providerDescription": "Sheetmetal Worker/Coppersmith/Metal Spinner",
        "providerCode": "OCC 120"
      },
      {
        "code": "OCC 060",
        "value": "Ships Officers : Captain/Ferrymaster/Ships Mate",
        "providerDescription": "Ships Officers : Captain/Ferrymaster/Ships Mate",
        "providerCode": "OCC 060"
      },
      {
        "code": "OCC 176",
        "value": "Shipwright : Boat Builder/Boat Repairer",
        "providerDescription": "Shipwright : Boat Builder/Boat Repairer",
        "providerCode": "OCC 176"
      },
      {
        "code": "OCC 302",
        "value": "Shooter/Trapper/Coral-Kelp-Seagrass Gatherer",
        "providerDescription": "Shooter/Trapper/Coral-Kelp-Seagrass Gatherer",
        "providerCode": "OCC 302"
      },
      {
        "code": "OCC 305",
        "value": "Skilled Worker (Unclassified)",
        "providerDescription": "Skilled Worker (Unclassified)",
        "providerCode": "OCC 305"
      },
      {
        "code": "OCC 184",
        "value": "Skilled Worker : Analyst/Supervisor/Classer/Grader",
        "providerDescription": "Skilled Worker : Analyst/Supervisor/Classer/Grader",
        "providerCode": "OCC 184"
      },
      {
        "code": "OCC 109",
        "value": "Social Worker : Community/Social Planner/Youth",
        "providerDescription": "Social Worker : Community/Social Planner/Youth",
        "providerCode": "OCC 109"
      },
      {
        "code": "OCC 084",
        "value": "Special Education Teachers : Resource/Disabled",
        "providerDescription": "Special Education Teachers : Resource/Disabled",
        "providerCode": "OCC 084"
      },
      {
        "code": "OCC 100",
        "value": "Specialist Doctor : Surgeon/Radiologist/Psychiatri",
        "providerDescription": "Specialist Doctor : Surgeon/Radiologist/Psychiatri",
        "providerCode": "OCC 100"
      },
      {
        "code": "OCC 015",
        "value": "Specialist Manager: Ambulance/Engineering/Library/",
        "providerDescription": "Specialist Manager: Ambulance/Engineering/Library/",
        "providerCode": "OCC 015"
      },
      {
        "code": "OCC 023",
        "value": "Specialist Manager: Data Processing",
        "providerDescription": "Specialist Manager: Data Processing",
        "providerCode": "OCC 023"
      },
      {
        "code": "OCC 012",
        "value": "Specialist Manager: Finance/Chief Accountant/Coys",
        "providerDescription": "Specialist Manager: Finance/Chief Accountant/Coys",
        "providerCode": "OCC 012"
      },
      {
        "code": "OCC 019",
        "value": "Specialist Manager: Nursing Director/Matron/Contro",
        "providerDescription": "Specialist Manager: Nursing Director/Matron/Contro",
        "providerCode": "OCC 019"
      },
      {
        "code": "OCC 013",
        "value": "Specialist Manager: Personnel/Industrial Relations",
        "providerDescription": "Specialist Manager: Personnel/Industrial Relations",
        "providerCode": "OCC 013"
      },
      {
        "code": "OCC 026",
        "value": "Specialist Manager: Production/Tv Producer/Film St",
        "providerDescription": "Specialist Manager: Production/Tv Producer/Film St",
        "providerCode": "OCC 026"
      },
      {
        "code": "OCC 011",
        "value": "Specialist Manager: Sales/Marketing/Advertising",
        "providerDescription": "Specialist Manager: Sales/Marketing/Advertising",
        "providerCode": "OCC 011"
      },
      {
        "code": "OCC 017",
        "value": "Specialist Manager: Supply/Distribution/Transport",
        "providerDescription": "Specialist Manager: Supply/Distribution/Transport",
        "providerCode": "OCC 017"
      },
      {
        "code": "OCC 098",
        "value": "Speech Pathologist",
        "providerDescription": "Speech Pathologist",
        "providerCode": "OCC 098"
      },
      {
        "code": "OCC 214",
        "value": "Statistical/Acturial Clerk",
        "providerDescription": "Statistical/Acturial Clerk",
        "providerCode": "OCC 214"
      },
      {
        "code": "OCC 222",
        "value": "Stock & Purchasing Clerk : Mail Order/Supplies/Sto",
        "providerDescription": "Stock & Purchasing Clerk : Mail Order/Supplies/Sto",
        "providerCode": "OCC 222"
      },
      {
        "code": "OCC 277",
        "value": "Storeperson/Chiller Hand/Shelf Stacker/Warehouse A",
        "providerDescription": "Storeperson/Chiller Hand/Shelf Stacker/Warehouse A",
        "providerCode": "OCC 277"
      },
      {
        "code": "OCC 237",
        "value": "Street Vendor/Canvasser/Sales Driver : Milkman",
        "providerDescription": "Street Vendor/Canvasser/Sales Driver : Milkman",
        "providerCode": "OCC 237"
      },
      {
        "code": "OCC 288",
        "value": "Structural Steel Workers : Scaffolder/Rigger/Fixer",
        "providerDescription": "Structural Steel Workers : Scaffolder/Rigger/Fixer",
        "providerCode": "OCC 288"
      },
      {
        "code": "OCC 123",
        "value": "Structural Steel Workers/Boilermakers/Welders",
        "providerDescription": "Structural Steel Workers/Boilermakers/Welders",
        "providerCode": "OCC 123"
      },
      {
        "code": "OCC 321",
        "value": "Student",
        "providerDescription": "Student",
        "providerCode": "OCC 321"
      },
      {
        "code": "OCC 322",
        "value": "Student  Over 21 ",
        "providerDescription": "Student  Over 21 ",
        "providerCode": "OCC 322"
      },
      {
        "code": "OCC 290",
        "value": "Survey Hand/Field Assistant",
        "providerDescription": "Survey Hand/Field Assistant",
        "providerCode": "OCC 290"
      },
      {
        "code": "OCC 190",
        "value": "Teachers Aide",
        "providerDescription": "Teachers Aide",
        "providerCode": "OCC 190"
      },
      {
        "code": "OCC 022",
        "value": "Technical And Further Education Teachers (Tafe)",
        "providerDescription": "Technical And Further Education Teachers (Tafe)",
        "providerCode": "OCC 022"
      },
      {
        "code": "OCC 072",
        "value": "Technician : Metallurgical/Other",
        "providerDescription": "Technician : Metallurgical/Other",
        "providerCode": "OCC 072"
      },
      {
        "code": "OCC 220",
        "value": "Telephonist",
        "providerDescription": "Telephonist",
        "providerCode": "OCC 220"
      },
      {
        "code": "OCC 212",
        "value": "Tellers",
        "providerDescription": "Tellers",
        "providerCode": "OCC 212"
      },
      {
        "code": "OCC 239",
        "value": "Ticket Seller/Booking Clerk/Tab Clerk/Conductor",
        "providerDescription": "Ticket Seller/Booking Clerk/Tab Clerk/Conductor",
        "providerCode": "OCC 239"
      },
      {
        "code": "OCC 127",
        "value": "Toolmaker",
        "providerDescription": "Toolmaker",
        "providerCode": "OCC 127"
      },
      {
        "code": "OCC 282",
        "value": "Trades Assistants - To Bricklayer/Plumber/Mechanic",
        "providerDescription": "Trades Assistants - To Bricklayer/Plumber/Mechanic",
        "providerCode": "OCC 282"
      },
      {
        "code": "OCC 223",
        "value": "Transport Recording & Despatching Clerks/Customs A",
        "providerDescription": "Transport Recording & Despatching Clerks/Customs A",
        "providerCode": "OCC 223"
      },
      {
        "code": "OCC 202",
        "value": "Travel Agent/Travel Consultant/Tourist Officer/Adv",
        "providerDescription": "Travel Agent/Travel Consultant/Tourist Officer/Adv",
        "providerCode": "OCC 202"
      },
      {
        "code": "OCC 203",
        "value": "Travel Stewards : Air/Marine/Railway",
        "providerDescription": "Travel Stewards : Air/Marine/Railway",
        "providerCode": "OCC 203"
      },
      {
        "code": "OCC 207",
        "value": "Typist/Typist-Clerk",
        "providerDescription": "Typist/Typist-Clerk",
        "providerCode": "OCC 207"
      },
      {
        "code": "OCC 323",
        "value": "Unemployed",
        "providerDescription": "Unemployed",
        "providerCode": "OCC 323"
      },
      {
        "code": "OCC 085",
        "value": "University/Cae : Lecturer/Teacher/Tutor",
        "providerDescription": "University/Cae : Lecturer/Teacher/Tutor",
        "providerCode": "OCC 085"
      },
      {
        "code": "OCC 306",
        "value": "Unskilled Worker (Unclassified)",
        "providerDescription": "Unskilled Worker (Unclassified)",
        "providerCode": "OCC 306"
      },
      {
        "code": "OCC 312",
        "value": "Usher & Door Attendants/Program Seller/Ticket Coll",
        "providerDescription": "Usher & Door Attendants/Program Seller/Ticket Coll",
        "providerCode": "OCC 312"
      },
      {
        "code": "OCC 131",
        "value": "Vehicle Body Makers",
        "providerDescription": "Vehicle Body Makers",
        "providerCode": "OCC 131"
      },
      {
        "code": "OCC 132",
        "value": "Vehicle Painters",
        "providerDescription": "Vehicle Painters",
        "providerCode": "OCC 132"
      },
      {
        "code": "OCC 130",
        "value": "Vehicle Trimmer :Incl Vehicle Upholsterer",
        "providerDescription": "Vehicle Trimmer :Incl Vehicle Upholsterer",
        "providerCode": "OCC 130"
      },
      {
        "code": "OCC 079",
        "value": "Veterinarian",
        "providerDescription": "Veterinarian",
        "providerCode": "OCC 079"
      },
      {
        "code": "OCC 156",
        "value": "Veterinary Nurse/Handyperson/Attendant/Meterman  /",
        "providerDescription": "Veterinary Nurse/Handyperson/Attendant/Meterman  /",
        "providerCode": "OCC 156"
      },
      {
        "code": "OCC 194",
        "value": "Waiters/Waitresses : Drink Waiter",
        "providerDescription": "Waiters/Waitresses : Drink Waiter",
        "providerCode": "OCC 194"
      },
      {
        "code": "OCC 140",
        "value": "Wall Tiler/Floor Tiler",
        "providerDescription": "Wall Tiler/Floor Tiler",
        "providerCode": "OCC 140"
      },
      {
        "code": "OCC 188",
        "value": "Welfare Worker/Parole Officer/Youth Worker",
        "providerDescription": "Welfare Worker/Parole Officer/Youth Worker",
        "providerCode": "OCC 188"
      },
      {
        "code": "OCC 313",
        "value": "Westpac Banking Corp (and Spouse) ",
        "providerDescription": "Westpac Banking Corp (and Spouse) ",
        "providerCode": "OCC 313"
      },
      {
        "code": "OCC 316",
        "value": "Westpac Insurance, Mase-Westpac, Westpac Life, WFSG",
        "providerDescription": "Westpac Insurance, Mase-Westpac, Westpac Life, WFSG",
        "providerCode": "OCC 316"
      },
      {
        "code": "OCC 175",
        "value": "Wood Machinist/Lathe Operator : Wood Turner/Jig Ma",
        "providerDescription": "Wood Machinist/Lathe Operator : Wood Turner/Jig Ma",
        "providerCode": "OCC 175"
      },
      {
        "code": "OCC 174",
        "value": "Woodworker : Wood Carver/Picture Framer/Cooper",
        "providerDescription": "Woodworker : Wood Carver/Picture Framer/Cooper",
        "providerCode": "OCC 174"
      },
      {
        "code": "OCC 206",
        "value": "Word Processing Operators",
        "providerDescription": "Word Processing Operators",
        "providerCode": "OCC 206"
      }
    ]
  }
}
