{
  "code": 200,
  "status": "SUCCESS",
  "data": {
    "UCM.WBC_IND_AMLCL": [
      {
        "code": "SW001001",
        "value": "Employment income/earnings",
        "order": 1
      },
      {
        "code": "SW001002",
        "value": "Redundancy",
        "order": 2
      },
      {
        "code": "SW001003",
        "value": "Business income/earnings",
        "order": 3
      },
      {
        "code": "SW001004",
        "value": "Business profits",
        "order": 4
      },
      {
        "code": "SW001005",
        "value": "Investment income/earnings",
        "order": 5
      },
      {
        "code": "SW001006",
        "value": "Rental income",
        "order": 6
      },
      {
        "code": "SW001007",
        "value": "Superannuation/pension",
        "order": 7
      },
      {
        "code": "SW002001",
        "value": "Insurance payment",
        "order": 8
      },
      {
        "code": "SW002002",
        "value": "Compensation payment",
        "order": 9
      },
      {
        "code": "SW002003",
        "value": "Government Benefits",
        "order": 10
      },
      {
        "code": "SW003001",
        "value": "Owns real estate/property",
        "order": 11
      },
      {
        "code": "SW003002",
        "value": "Sale of assets",
        "order": 12
      },
      {
        "code": "SW003003",
        "value": "Liquidation of assets",
        "order": 12
      },
      {
        "code": "SW003004",
        "value": "Inheritance",
        "order": 14
      },
      {
        "code": "SW003005",
        "value": "Gift/Donation",
        "order": 15
      },
      {
        "code": "SW003006",
        "value": "Windfall",
        "order": 16
      },
      {
        "code": "SW004001",
        "value": "None",
        "order": 17
      },
      {
        "code": "SW004002",
        "value": "Refused to answer",
        "order": 18
      },
      {
        "code": "SW004003",
        "value": "Additional Sources",
        "order": 19
      },
      {
        "code": "SW005001",
        "value": "Signatory",
        "order": 20
      }
    ]
  }
}
